"date","avg_stress","step_count","run_step_count","walk_step_count","recommendation","avg_heart_rate","calories_burned","step_count_reached"
2019-03-24,18,5968,87,5881,6000,73.6363636363636,1919.46225,FALSE
2019-03-29,28.1176470588235,15046,96,14950,6000,71.2820512820513,2209.2284,TRUE
2019-03-30,25.3125,9219,72,9147,6000,70.9230769230769,1934.55456,TRUE
2019-04-01,26.7142857142857,5808,38,5770,6000,65.175,1841.73171,FALSE
2019-04-03,12.4,11413,149,11264,6000,63.875,2183.6049,TRUE
2019-04-04,24.6842105263158,6285,103,6182,6000,62.6229508196721,2244.70125,TRUE
2019-04-05,41.7777777777778,10425,242,10183,6000,75.0857142857143,2185.0669,TRUE
2019-04-06,21.6190476190476,13841,295,13546,6000,66.8181818181818,2093.4489,TRUE
2019-04-07,11.0769230769231,5823,62,5761,6000,63.4905660377358,1929.69488,FALSE
2019-04-08,33.6111111111111,2345,20,2325,6000,66.1739130434783,1883.97736,FALSE
2019-04-10,27.5789473684211,10453,192,10261,6000,65.7272727272727,2121.9089,TRUE
2019-04-11,37.1176470588235,6560,129,6431,6000,69.5957446808511,1875.87655,TRUE
2019-04-12,29.7777777777778,9093,136,8957,6000,74.8863636363636,2021.58004,TRUE
2019-04-13,18.4736842105263,8754,61,8693,6000,68.7096774193548,2067.75645,TRUE
2019-04-14,18.15,7159,139,7020,6000,61.4583333333333,1950.8296,TRUE
2019-04-15,40.3333333333333,2370,31,2339,6000,69.2222222222222,1749.29158,FALSE
2019-04-17,48.5238095238095,9596,155,9441,6000,73.0555555555556,2042.1098,TRUE
2019-04-18,56.4285714285714,8404,138,8266,6000,69.6428571428571,2078.09868,TRUE
2019-04-19,49.4666666666667,6784,343,6441,6000,68.2307692307692,1901.14352,TRUE
2019-04-20,36.6111111111111,9102,306,8796,6000,70.9523809523809,2041.47942,TRUE
2019-04-21,24.6470588235294,8660,3992,4668,6000,72.7872340425532,2109.33724,TRUE
2019-04-22,30.125,7706,113,7593,6000,74.0882352941177,2117.8487,TRUE
2019-04-24,40.9411764705882,13979,57,13922,6000,72.09375,2357.3132,TRUE
2019-04-25,29.0625,8314,115,8199,6000,68.4375,1926.45513,TRUE
2019-04-26,41.2105263157895,7328,90,7238,6000,69.7368421052632,2027.54297,TRUE
2019-04-28,52,5010,69,4941,6000,62.6666666666667,1828.44737,FALSE
2019-04-29,43,10740,87,10653,6000,71.1714285714286,2310.39824,TRUE
2019-05-01,37.15,6474,39,6435,6000,72.75,2186.6179,TRUE
2019-05-02,25.5555555555556,10956,114,10842,6000,69.6727272727273,2007.91236,TRUE
2019-05-05,33.1578947368421,13770,210,13560,6000,63.6222222222222,2094.006,TRUE
2019-05-06,24.4705882352941,15936,1587,14349,6000,62.9795918367347,2152.40323,TRUE
2019-05-07,49.1578947368421,17825,29,17796,6000,69.6341463414634,2181.18374,TRUE
2019-05-09,37.4117647058824,13593,44,13549,6000,67.9024390243902,2046.12522,TRUE
2019-05-10,37.0588235294118,10735,219,10516,6000,72.0882352941177,1885.78407,TRUE
2019-05-11,28.7894736842105,7821,172,7649,6000,70.0227272727273,1926.80503,TRUE
2019-05-18,41.0588235294118,5457,163,5294,6000,66.5789473684211,1872.008,FALSE
2019-05-27,26.6111111111111,1965,35,1930,6000,71.1428571428571,1759.487995,FALSE
2019-05-28,41,6627,146,6481,6000,75.6071428571429,1965.01167,TRUE
2019-05-29,39.2105263157895,6462,93,6369,6000,71.3617021276596,1887.8963,TRUE
2019-06-01,22.2941176470588,16319,516,15803,6000,66.5873015873016,2394.3747,TRUE
2019-06-02,28.8947368421053,10046,26,10020,6000,63.9491525423729,2220.8128,TRUE
2019-06-03,41.8421052631579,4478,164,4314,6000,75.1489361702128,2250.4378,FALSE
2019-06-04,33.1052631578947,8498,49,8449,6000,69.8222222222222,1926.67975,TRUE
2019-06-05,37.6111111111111,10981,90,10891,6000,74.2156862745098,2343.11174,TRUE
2019-06-07,26.7,11396,240,11156,6000,71.6041666666667,2128.9887,TRUE
2019-06-08,20.3157894736842,6915,128,6787,6000,62.1967213114754,1884.7531,TRUE
2019-06-11,45.7894736842105,1796,54,1742,6000,76.7941176470588,1744.7586,FALSE
2019-06-13,30.1052631578947,8778,132,8646,6000,71.6666666666667,2225.2525,TRUE
2019-06-15,30.6153846153846,11875,202,11673,6000,63.7333333333333,2110.5367,TRUE
2019-06-16,20.6666666666667,7198,242,6956,6000,58.6590909090909,1918.4632,TRUE
2019-06-18,29.2631578947368,11013,198,10815,6000,72.2222222222222,2062.22498,TRUE
2019-06-21,34.125,10994,79,10915,6000,65.012987012987,2028.3165,TRUE
2019-06-23,38.5625,4279,107,4172,6000,73.9591836734694,1940.8991,FALSE
2019-06-24,31.1111111111111,7481,148,7333,6000,66.6666666666667,1909.8896,TRUE
2019-06-26,44.9333333333333,7892,170,7722,6000,87.2702702702703,2474.8083,TRUE
2019-07-01,47,8092,132,7960,6000,80.7692307692308,2246.97886,TRUE
2019-07-02,33.8,8749,23,8726,6000,74,1933.92194,TRUE
2019-07-04,55.7777777777778,7631,37,7594,6000,75.5454545454545,1901.1905,TRUE
2019-07-07,27.1578947368421,11138,125,11013,6000,68.9803921568627,1999.8962,TRUE
2019-07-11,44.2631578947368,9664,242,9422,6000,76.6216216216216,1908.6133,TRUE
2019-07-15,36.4444444444444,10211,241,9970,6000,72.4782608695652,2010.95876,TRUE
2019-07-17,41.6111111111111,8532,175,8357,6000,79.6363636363636,2081.13105,TRUE
2019-07-27,21.15,27521,152,27369,6000,63.0816326530612,2026.79698,TRUE
2019-07-28,21.3333333333333,14122,140,13982,6000,65.64,1964.5635,TRUE
2019-07-29,25.55,7282,86,7196,6000,62.9565217391304,1988.59374,TRUE
2019-08-10,26.1666666666667,7899,104,7795,6000,63.875,1927.31714,TRUE
2019-08-11,31.3157894736842,22903,222,22681,6000,67.96,2328.63785,TRUE
2019-08-14,37.1764705882353,8542,137,8405,6000,78.3333333333333,1978.51293,TRUE
2019-08-18,19.85,11540,74,11466,6000,68.8461538461538,2046.4105,TRUE
2019-08-24,21.7368421052632,11867,196,11671,6000,62.16,1961.0424,TRUE
2019-08-26,43.7777777777778,7950,65,7885,6000,71.1739130434783,2254.4831,TRUE
2019-08-28,36.6842105263158,11609,80,11529,6000,67.04,2261.29055,TRUE
2019-08-29,44.5,12594,116,12478,6000,69.3636363636364,1999.20093,TRUE
2019-09-02,19.8421052631579,12042,121,11921,6000,65.375,2309.4364,TRUE
2019-09-11,13.75,14138,310,13828,6000,63.7142857142857,1862.30139,TRUE
2019-09-15,22.8823529411765,11496,58,11438,6000,64.68,2461.73544,TRUE
2019-09-16,38.4736842105263,7565,52,7513,6000,75.4166666666667,1896.98754,TRUE
2019-09-21,33.2,12302,168,12134,6000,68.695652173913,1856.74372,TRUE
2019-09-22,39,5775,59,5716,6000,63.3529411764706,2055.44648,FALSE
2019-09-23,29.1578947368421,14075,192,13883,6000,71.9583333333333,1965.74905,TRUE
2019-09-24,32.8235294117647,10043,116,9927,6000,66.9583333333333,2475.7561,TRUE
2019-09-25,32,8406,73,8333,6000,69.0416666666667,2088.6558,TRUE
2019-09-26,29.3125,11017,84,10933,6000,70.48,2696.7623,TRUE
2019-09-27,25.5454545454545,13851,286,13565,6000,71.2222222222222,2641.3223,TRUE
2019-09-28,9.11764705882353,19720,117,19603,6000,63.0833333333333,2552.0074,TRUE
2019-09-29,31.0666666666667,11144,580,10564,6000,72.12,2097.98825,TRUE
2019-09-30,15.1666666666667,8990,194,8796,6000,69.0416666666667,2080.11937,TRUE
2019-10-01,16.2142857142857,6713,81,6632,6000,63.1428571428571,1894.34533,TRUE
2019-10-02,38.2,7820,27,7793,6000,74.9166666666667,1922.96438,TRUE
2019-10-03,38.4705882352941,10756,113,10643,6000,73.5,2224.0948,TRUE
2019-10-04,36.1052631578947,8998,87,8911,6000,71.7083333333333,1960.68738,TRUE
2019-10-05,14.6666666666667,10468,59,10409,6000,60.0666666666667,1995.3653,TRUE
2019-10-06,20.5789473684211,11092,263,10829,6000,69.75,2127.17656,TRUE
2019-10-07,42,6997,89,6908,6000,72.0416666666667,1897.75634,TRUE
2019-10-08,29.1764705882353,7003,33,6970,6000,76,1898.06943,TRUE
2019-10-09,29.9,11080,212,10868,6000,70.44,2367.68925,TRUE
2019-10-10,28.85,8115,41,8074,6000,68.375,1931.3151,TRUE
2019-10-11,30.2631578947368,8076,65,8011,6000,69.1666666666667,1930.3902,TRUE
2019-10-12,30.7058823529412,8040,107,7933,6000,69.2083333333333,1935.2294,TRUE
2019-10-13,19.9230769230769,7280,140,7140,6000,70.0555555555556,2270.42607,TRUE
2019-10-14,36.2631578947368,8486,17,8469,6000,70.5,1946.12183,TRUE
2019-10-15,47.3529411764706,5888,57,5831,6000,74.1666666666667,1881.15704,FALSE
2019-10-16,38.4444444444444,7571,54,7517,6000,76.44,1919.84923,TRUE
2019-10-17,42.3,13356,297,13059,6000,81.85,2158.479,TRUE
2019-10-18,34.8888888888889,8986,43,8943,6000,74.56,1947.13836,TRUE
2019-10-19,32,10264,78,10186,6000,76.3076923076923,1991.36515,TRUE
2019-10-20,40,10355,61,10294,6000,72.9047619047619,2062.60896,TRUE
2019-10-21,25.5,4735,46,4689,6000,77.6666666666667,2078.58852,FALSE
2019-10-22,32.3684210526316,11485,68,11417,6000,71.32,2023.31034,TRUE
2019-10-23,18.5333333333333,8926,63,8863,6000,65.7,1954.8717,TRUE
2019-10-24,32.5,7818,89,7729,6000,67.5,1920.32962,TRUE
2019-10-25,30.6470588235294,7900,75,7825,6000,70.4,1927.3197,TRUE
2019-10-26,31.8421052631579,7910,47,7863,6000,66.8333333333333,1926.36948,TRUE
2019-10-27,8.16666666666667,4280,100,4180,6000,58.8076923076923,2089.27287,FALSE
2019-10-28,44.5555555555556,2011,35,1976,6000,69.8333333333333,1771.500985,FALSE
2019-11-03,41.7368421052632,12104,126,11978,6000,68.92,1940.42433,TRUE
2019-11-04,35.3888888888889,9510,58,9452,6000,70,2147.6439,TRUE
2019-11-05,28.0526315789474,12687,65,12622,6000,71.0416666666667,1945.62768,TRUE
2019-11-06,34,9220,27,9193,6000,73.0454545454545,1968.0464,TRUE
2019-11-08,36.75,7843,113,7730,6000,73.25,1861.85735,TRUE
2019-11-09,28.2631578947368,10438,177,10261,6000,70.5833333333333,2242.23863,TRUE
2019-11-10,32.1538461538462,8069,246,7823,6000,72.2666666666667,2115.9316,TRUE
2019-11-11,40.2352941176471,3115,24,3091,6000,71.304347826087,1791.58504,FALSE
2019-11-12,29.8,9823,83,9740,6000,69.3333333333333,1986.26284,TRUE
2019-11-13,21.6666666666667,9613,107,9506,6000,82.5,2204.1111,TRUE
2019-11-14,39.7368421052632,14201,144,14057,6000,77.8695652173913,2392.81445,TRUE
2019-11-15,23.4285714285714,10122,63,10059,6000,63.1904761904762,1987.40997,TRUE
2019-11-16,33.4444444444444,5921,37,5884,6000,75,1878.40982,FALSE
2019-11-17,39.1111111111111,6405,132,6273,6000,66.92,2138.4777,TRUE
2019-11-18,46.9090909090909,2786,40,2746,6000,66,1785.22859,FALSE
2019-11-19,27.2666666666667,6480,75,6405,6000,67.2727272727273,1898.5762,TRUE
2019-11-20,25.5,9115,88,9027,6000,65.3888888888889,1967.185,TRUE
2019-11-21,37.2941176470588,12830,214,12616,6000,77.2916666666667,2263.3518,TRUE
2019-11-22,32.9,12124,51,12073,6000,70.6,2044.69627,TRUE
2019-11-23,37.1333333333333,5537,70,5467,6000,70.1666666666667,1863.97427,FALSE
2019-11-24,17.4736842105263,4507,111,4396,6000,63.6666666666667,2097.68894,FALSE
2019-11-25,24.7894736842105,2619,116,2503,6000,67.76,1790.272986,FALSE
2019-11-26,31.7222222222222,6497,122,6375,6000,68.68,1899.0788,TRUE
2019-11-27,30.7777777777778,11192,194,10998,6000,68.76,2035.06077,TRUE
2019-11-28,36.6470588235294,10428,175,10253,6000,65.625,2014.06623,TRUE
2019-11-29,53.3684210526316,14527,5657,8870,6000,76.6538461538462,2666.9779,TRUE
2019-11-30,35.7777777777778,11897,152,11745,6000,76.7916666666667,2323.23404,TRUE
2019-12-01,33.9473684210526,11677,149,11528,6000,71.9583333333333,2120.2524,TRUE
2019-12-02,39.4444444444444,1628,27,1601,6000,71.7368421052632,1845.60998,FALSE
2019-12-03,57.5789473684211,9683,114,9569,6000,72.4,1990.42034,TRUE
2019-12-05,28.1333333333333,11488,164,11324,6000,77.15,2262.9839,TRUE
2019-12-09,41.1052631578947,9058,66,8992,6000,74.68,1923.0612,TRUE
2020-01-01,12.9166666666667,10056,149,9907,6000,64,2537.2756,TRUE
2020-01-02,47.85,1678,80,1598,6000,80.5416666666667,1756.493794,FALSE
2020-01-03,30.7894736842105,10820,116,10704,6000,72.16,2299.8184,TRUE
2020-01-04,34.7894736842105,6269,46,6223,6000,69.64,1878.4529,TRUE
2020-01-05,20.0714285714286,6795,243,6552,6000,62.4444444444444,2001.2665,TRUE
2020-01-06,34.1,1496,32,1464,6000,73.8,1748.172695,FALSE
2020-01-07,34.2105263157895,11373,47,11326,6000,77.6842105263158,2295.5741,TRUE
2020-01-08,50.5,8619,44,8575,6000,72.88,1940.78783,TRUE
2020-01-09,23.0769230769231,8438,29,8409,6000,64.1176470588235,1936.83704,TRUE
2020-01-10,26.0526315789474,1605,74,1531,6000,63.28,1753.98429,FALSE
2020-01-11,29.1578947368421,3835,75,3760,6000,66.7307692307692,1815.32129,FALSE
2020-01-12,29.3333333333333,4331,30,4301,6000,70,1989.20177,FALSE
2020-01-13,51.5789473684211,4831,84,4747,6000,79.2,2085.87216,FALSE
2020-01-14,45.3684210526316,11597,99,11498,6000,69.6,2173.28365,TRUE
2020-01-15,32.5625,7631,129,7502,6000,77.6521739130435,1923.57454,TRUE
2020-01-16,49,13015,149,12866,6000,79.0909090909091,2269.41704,TRUE
2020-01-17,41.2666666666667,9319,133,9186,6000,70.7894736842105,1969.18865,TRUE
2020-01-18,31.1578947368421,10391,73,10318,6000,74.1,2177.5895,TRUE
2020-01-19,32.3888888888889,5007,101,4906,6000,65.52,1955.252,FALSE
2020-01-20,23.8235294117647,6280,422,5858,6000,68.6296296296296,2043.41537,TRUE
2020-01-21,45.5,1337,25,1312,6000,84,1742.895086,FALSE
2020-01-22,33,7902,95,7807,6000,72.08,1934.00385,TRUE
2020-01-23,35.8235294117647,7885,201,7684,6000,67.3333333333333,2147.4394,TRUE
2020-01-24,33,6234,48,6186,6000,68.4166666666667,1884.06808,TRUE
2020-01-25,24.8421052631579,11810,125,11685,6000,66.4,2047.01655,TRUE
2020-01-26,23,3452,31,3421,6000,60.5416666666667,1981.03697,FALSE
2020-01-27,21.5333333333333,2213,11,2202,6000,67.0625,1763.485705,FALSE
2020-01-28,31.0526315789474,5847,53,5794,6000,68.64,1872.8076,FALSE
2020-01-29,36.4117647058824,6659,175,6484,6000,65.9583333333333,2146.6341,TRUE
2020-01-30,30.2631578947368,8924,95,8829,6000,69.84,1958.86666,TRUE
2020-01-31,45.1904761904762,9376,57,9319,6000,74.16,1976.55866,TRUE
2020-02-01,13.3529411764706,11156,321,10835,6000,64.75,2251.9693,TRUE
2020-02-03,28.8421052631579,3290,240,3050,6000,72.25,1816.15934,FALSE
2020-02-04,16.5294117647059,10060,136,9924,6000,67.24,2248.54385,TRUE
2020-02-05,21.9,6610,181,6429,6000,70.0833333333333,1904.2674,TRUE
2020-02-06,25.3888888888889,6222,103,6119,6000,67.5652173913043,2114.77523,TRUE
2020-02-07,41.4210526315789,7220,68,7152,6000,72.3333333333333,1914.14475,TRUE
2020-02-08,46.8888888888889,8588,64,8524,6000,79.2727272727273,1951.44785,TRUE
2020-02-09,38.8,5092,39,5053,6000,67.6086956521739,2394.33396,FALSE
2020-02-10,37.95,3356,25,3331,6000,80.7916666666667,1984.834,FALSE
2020-02-11,34.4117647058824,12359,136,12223,6000,71.3636363636364,2356.0923,TRUE
2020-02-12,41.95,8103,74,8029,6000,82.95,1930.95365,TRUE
2020-02-13,26.4375,11831,66,11765,6000,70.8095238095238,2278.4771,TRUE
2020-02-14,25.8888888888889,10427,190,10237,6000,73.9166666666667,2178.3061,TRUE
2020-02-15,18.375,9649,176,9473,6000,62.25,1982.84804,TRUE
2020-02-16,36.6842105263158,6382,119,6263,6000,65.52,1893.59167,TRUE
2020-02-20,32.9473684210526,10849,128,10721,6000,71.1666666666667,2304.59326,TRUE
2020-02-21,32.1578947368421,10247,164,10083,6000,75.68,1996.8511,TRUE
2020-02-22,18.5,11369,110,11259,6000,67.1111111111111,2288.978,TRUE
2020-02-23,33.7058823529412,4324,14,4310,6000,69.75,1830.31946,FALSE
2020-02-24,24.7368421052632,10560,76,10484,6000,73.3913043478261,2423.61667,TRUE
2020-02-25,17.375,9442,39,9403,6000,70.9,1973.29253,TRUE
2020-02-26,26.8235294117647,8978,79,8899,6000,68.4,1962.3822,TRUE
2020-02-27,37.1052631578947,7587,82,7505,6000,79.75,1925.50868,TRUE
2020-02-29,23.4615384615385,6393,43,6350,6000,69.15,1887.2228,TRUE
2020-03-01,28.4210526315789,2986,45,2941,6000,65.48,2031.7879,FALSE
2020-03-06,23.7,15183,139,15044,6000,68.36,2154.59754,TRUE
2020-03-08,42.5384615384615,2584,39,2545,6000,73.2105263157895,1814.77771,FALSE
2020-03-09,27.2222222222222,8428,184,8244,6000,69.08,2172.1641,TRUE
2020-03-10,30.5,6877,57,6820,6000,71.44,1900.2109,TRUE
2020-03-11,33.1052631578947,8572,88,8484,6000,75.0384615384615,1929.4567,TRUE
2020-03-12,23.1538461538462,12350,73,12277,6000,73.2307692307692,2351.6079,TRUE
2020-03-13,27.1111111111111,6929,109,6820,6000,71.28,1850.47282,TRUE
2020-03-14,19.7142857142857,7196,28,7168,6000,62.2083333333333,1903.22972,TRUE
2020-03-16,28.875,2092,52,2040,6000,68.9090909090909,1765.6825,FALSE
2020-03-17,18.5238095238095,7525,155,7370,6000,70.12,1928.2205,TRUE
2020-03-19,34.6842105263158,10959,32,10927,6000,71.7916666666667,2008.64836,TRUE
2020-03-20,31.8125,10858,44,10814,6000,68.2380952380952,2008.50282,TRUE
2020-03-21,22.6666666666667,6754,143,6611,6000,65.5789473684211,1903.23115,TRUE
2020-03-22,43,1931,27,1904,6000,64.0454545454545,1761.84709,FALSE
2020-03-23,32.85,1926,63,1863,6000,76.76,1762.56299,FALSE
2020-03-24,47.7647058823529,12815,4989,7826,6000,74.8695652173913,2257.9959,TRUE
2020-03-25,34.375,5991,40,5951,6000,81.1818181818182,1870.26367,FALSE
2020-03-26,37.3333333333333,16104,4766,11338,6000,72.0952380952381,2268.1567,TRUE
2020-03-27,42.1111111111111,5606,43,5563,6000,74.4347826086957,1862.88011,FALSE
2020-03-28,18.35,13071,6072,6999,6000,66.32,2283.7606,TRUE
2020-03-29,13.9090909090909,1098,13,1085,6000,62.0769230769231,1734.0124,FALSE
2020-03-30,35.5625,1224,7,1217,6000,71.2380952380952,1737.385203,FALSE
2020-03-31,23.4444444444444,14644,6064,8580,6000,71.0833333333333,2243.99063,TRUE
2020-04-01,26.25,9611,60,9551,6000,73.875,1965.53166,TRUE
2020-04-02,16.8235294117647,16755,6411,10344,6000,67.72,2422.92164,TRUE
2020-04-03,22.6363636363636,7896,27,7869,6000,64.7222222222222,1921.7433,TRUE
2020-04-05,17.8888888888889,1514,128,1386,6000,58.0434782608696,1755.206006,FALSE
2020-04-06,15.6315789473684,13296,9237,4059,6000,69.625,2352.9696,TRUE
2020-04-07,28.1176470588235,16949,6517,10432,6000,73.12,2278.06386,TRUE
2020-04-08,26.7333333333333,18148,6410,11738,6000,71.25,2353.4845,TRUE
2020-04-09,29.2105263157895,7286,60,7226,6000,73.48,1907.4497,TRUE
2020-04-10,17.2222222222222,12238,6237,6001,6000,63,2263.0253,TRUE
2020-04-12,15.3,7253,83,7170,6000,58.625,1910.5417,TRUE
2020-04-13,32.0526315789474,560,22,538,6000,71.96,1720.9087,FALSE
2020-04-14,27.5238095238095,15983,6390,9593,6000,69.3846153846154,2312.38514,TRUE
2020-04-15,26.6,8857,156,8701,6000,71.1,1961.62476,TRUE
2020-04-16,27.15,10106,62,10044,6000,74.96,1980.46413,TRUE
2020-04-17,23.2777777777778,14699,6411,8288,6000,67.7619047619048,2315.6037,TRUE
2020-04-18,27.8,9102,54,9048,6000,64.3478260869565,1948.6133,TRUE
2020-04-19,22.9166666666667,2206,68,2138,6000,58.6666666666667,1767.13518,FALSE
2020-04-20,30.6,2814,30,2784,6000,97.8888888888889,1781.10291,FALSE
2020-04-21,38,19614,6485,13129,6000,88.7857142857143,2537.1472,TRUE
2020-04-22,16.375,6126,100,6026,6000,65.2857142857143,1881.27248,TRUE
2020-04-23,19,3615,18,3597,6000,64.8421052631579,1801.24978,FALSE
2020-04-24,20.1333333333333,3319,45,3274,6000,63.8571428571429,1799.09037,FALSE
2020-04-25,43.7333333333333,5544,32,5512,6000,74.1875,1856.76637,FALSE
2020-04-26,36.7142857142857,4048,94,3954,6000,73.1111111111111,1822.03647,FALSE
2020-04-27,32.2352941176471,5301,76,5225,6000,68.6190476190476,2317.2751,FALSE
2020-04-28,26.3333333333333,6211,74,6137,6000,68.6,1876.60961,TRUE
2020-04-29,33.7142857142857,7119,37,7082,6000,71.76,1896.88646,TRUE
2020-04-30,31.4375,9102,44,9058,6000,69.8571428571429,1953.29566,TRUE
2020-05-01,32.3157894736842,7207,35,7172,6000,79.44,1898.76573,TRUE
2020-05-29,36.3684210526316,6687,55,6632,6000,71.125,2455.0627,TRUE
2020-05-30,14.8823529411765,7779,27,7752,6000,69.2083333333333,1755.5959,TRUE
2020-06-01,37.875,8342,5267,3075,6000,79.6521739130435,1890.13962,TRUE
2020-06-02,24.2857142857143,9546,60,9486,6000,73.1363636363636,1884.51614,TRUE
2020-06-03,36.1,8287,44,8243,6000,83.5,1958.42705,TRUE
2020-06-05,32.8571428571429,15760,114,15646,6000,72.7692307692308,1977.61424,TRUE
2020-06-06,17.2857142857143,9859,108,9751,6000,60.1111111111111,2643.0483,TRUE
2020-06-09,25.05,4978,69,4909,6000,65.25,1931.1822,FALSE
2020-06-10,32.5454545454545,6668,17,6651,6000,62.8666666666667,1966.14483,TRUE
2020-06-11,28.047619047619,7827,125,7702,6000,73.1923076923077,1869.97923,TRUE
2020-06-12,26.75,10317,40,10277,6000,78.2307692307692,1947.3128,TRUE
2020-06-13,8.11111111111111,10320,76,10244,6000,61.6,2391.2678,TRUE
2020-06-14,32.9333333333333,1755,23,1732,6000,66.0454545454545,1743.96259,FALSE
2020-06-15,47.9166666666667,10239,5758,4481,6000,83.9166666666667,1757.296696,TRUE
2020-06-17,28.4285714285714,9531,73,9458,6000,70.3913043478261,1905.16896,TRUE
2020-06-18,23,8976,103,8873,6000,72.0526315789474,2122.92477,TRUE
2020-06-19,35.3333333333333,8400,46,8354,6000,76.4166666666667,1889.9838,TRUE
2020-06-20,28.0666666666667,9306,32,9274,6000,64.3809523809524,1716.2738,TRUE
2020-06-22,38.05,8535,39,8496,6000,69.7692307692308,1769.86819,TRUE
2020-06-24,36.625,6669,30,6639,6000,77.2857142857143,1908.94285,TRUE
2020-06-25,43.5294117647059,8231,58,8173,6000,70.1904761904762,1890.93366,TRUE
2020-06-26,36,8213,16,8197,6000,74.125,1914.7119,TRUE
2020-06-27,59,7899,62,7837,6000,102,2096.16137,TRUE
2020-06-28,43.5789473684211,8815,3749,5066,6000,75.625,2135.21895,TRUE
2020-06-30,25.2666666666667,8045,65,7980,6000,71.3684210526316,2147.3672,TRUE
2020-07-06,29.4285714285714,9411,5477,3934,6000,67.6153846153846,1839.7656,TRUE
2020-07-07,24.4,5227,33,5194,6000,73.4615384615385,1889.84752,FALSE
2020-07-10,28.9473684210526,12294,159,12135,6000,67.88,1983.0933,TRUE
2020-07-11,44.5625,7419,45,7374,6000,73.44,1753.5922,TRUE
2020-07-12,11.3333333333333,6065,3147,2918,6000,60.3571428571429,2107.6428,TRUE
2020-07-13,30.1052631578947,4005,39,3966,6000,71.68,1902.75127,FALSE
2020-07-14,19.8,11129,138,10991,6000,65.5833333333333,1973.18938,TRUE
2020-07-15,15.3333333333333,6311,100,6211,6000,65.2142857142857,1948.56893,TRUE
2020-07-16,16.6363636363636,10572,115,10457,6000,74.6363636363636,1935.93497,TRUE
2020-07-17,16.5,6681,6,6675,6000,63.8260869565217,1956.8876,TRUE
2020-07-18,12.6363636363636,9861,64,9797,6000,64.8333333333333,1811.36912,TRUE
2020-07-19,32.4117647058824,7988,39,7949,6000,63.5652173913044,2209.6111,TRUE
2020-07-21,21.5294117647059,7144,181,6963,6000,72.6666666666667,1887.92235,TRUE
2020-07-22,25.8461538461538,9467,44,9423,6000,78.3076923076923,1936.87672,TRUE
2020-07-23,27.3125,6109,30,6079,6000,69.4090909090909,1928.66214,TRUE
2020-07-24,49.25,4883,67,4816,6000,72.3333333333333,1917.66925,FALSE
2020-07-25,34.4615384615385,4748,20,4728,6000,75.5384615384615,2147.40507,FALSE
2020-07-29,16.8333333333333,5220,29,5191,6000,68.5333333333333,1870.21223,FALSE
2020-07-30,25.8,3641,25,3616,6000,71.6666666666667,1864.1208,FALSE
2020-07-31,22.8888888888889,6269,87,6182,6000,73.4347826086957,2123.1908,TRUE
2020-08-02,17.3076923076923,2276,42,2234,6000,65.2,2201.30464,FALSE
2020-08-03,28.0526315789474,6868,22,6846,6000,71.24,1850.49843,TRUE
2020-08-04,39,9787,53,9734,6000,67.1428571428571,1880.6452,TRUE
2020-08-07,14.1764705882353,9217,67,9150,6000,72.7826086956522,1906.96475,TRUE
2020-08-08,55.5714285714286,8380,89,8291,6000,65.9333333333333,1962.71383,TRUE
2020-08-11,40.3571428571429,8995,38,8957,6000,90.2857142857143,1880.68683,TRUE
2020-08-12,33.6363636363636,12869,165,12704,6000,82.8333333333333,1993.7664,TRUE
2020-08-13,27.6666666666667,7645,28,7617,6000,73.8571428571429,1884.23883,TRUE
2020-08-14,23.6666666666667,5777,58,5719,6000,78.0416666666667,2401.2268,FALSE
2020-08-15,39.6666666666667,12081,91,11990,6000,80,1791.3088,TRUE
2020-08-17,26.6842105263158,10257,4284,5973,6000,75.52,1906.48253,TRUE
2020-08-18,37.15,7255,58,7197,6000,73.3333333333333,1955.7673,TRUE
2020-08-20,35.7,7675,38,7637,6000,69.84,1833.94066,TRUE
2020-08-21,36.2,6732,46,6686,6000,67.65,1828.35902,TRUE
2020-08-22,34.6923076923077,5048,36,5012,6000,66.7222222222222,1892.8153,FALSE
2020-08-23,33.8421052631579,1747,9,1738,6000,68.8461538461538,1778.32958,FALSE
2020-08-24,35.75,4755,153,4602,6000,79.125,1958.51507,FALSE
2020-08-25,34.3,7013,10,7003,6000,69.32,1846.28196,TRUE
2020-08-28,35.0833333333333,10739,67,10672,6000,77.8333333333333,1860.95842,TRUE
2020-08-29,26.8,10750,77,10673,6000,70.3333333333333,1771.22639,TRUE
2020-08-30,52.875,9720,6228,3492,6000,79.0769230769231,1898.98275,TRUE
2020-08-31,34.75,1919,83,1836,6000,62.2,1969.59905,FALSE
2020-09-02,15.7058823529412,9751,98,9653,6000,69.0454545454545,1822.20376,TRUE
2020-09-03,28.2352941176471,8681,94,8587,6000,71.3636363636364,1957.6175,TRUE
2020-09-04,51.7692307692308,11046,71,10975,6000,68.2631578947368,1935.52928,TRUE
2020-09-06,26.3571428571429,2361,62,2299,6000,61.7368421052632,2048.32363,FALSE
2020-09-07,20.0555555555556,2309,192,2117,6000,66.48,1948.98215,FALSE
2020-09-08,30.3684210526316,11637,5964,5673,6000,70.9615384615385,2052.3963,TRUE
2020-09-10,29.2777777777778,6792,69,6723,6000,68.7727272727273,1861.73167,TRUE
2020-09-11,42.0666666666667,9076,92,8984,6000,72.9333333333333,2032.47394,TRUE
2020-09-12,17.8,6501,98,6403,6000,63.0952380952381,1729.49759,TRUE
2020-09-13,30.25,3919,114,3805,6000,80.5,2261.1198,FALSE
2020-09-14,35.5294117647059,7253,79,7174,6000,67.8636363636364,1910.75412,TRUE
2020-09-15,29,7502,171,7331,6000,85.5,1894.26772,TRUE
2020-09-16,40.7,11028,137,10891,6000,77.8333333333333,1911.97013,TRUE
2020-09-18,20,9504,66,9438,6000,70.8,1841.41972,TRUE
2020-09-19,18.5,8623,60,8563,6000,81,1846.30387,TRUE
2020-09-21,25.3684210526316,10117,337,9780,6000,67.32,1892.25276,TRUE
2020-09-22,31.8461538461538,9344,4034,5310,6000,75.875,1884.68295,TRUE
2020-09-23,28.1875,6854,33,6821,6000,80.5625,1854.91153,TRUE
2020-09-27,15.9333333333333,4598,56,4542,6000,71.1875,1759.123085,FALSE
2020-09-28,16.7368421052632,3406,110,3296,6000,72,1821.70098,FALSE
2020-09-29,18.6666666666667,7200,56,7144,6000,69.625,1966.79285,TRUE
2020-09-30,36.2631578947368,10983,89,10894,6000,76.8,1927.43643,TRUE
2020-10-01,31.8333333333333,10287,5204,5083,6000,70.75,2011.4114,TRUE
2020-10-03,29,7908,68,7840,6000,58,1770.4637,TRUE
2020-10-04,35,1928,19,1909,6000,58.25,2239.98436,FALSE
2020-10-06,28.8,10241,91,10150,6000,71.4,1899.95266,TRUE
2020-10-07,21.8421052631579,7785,164,7621,6000,71.5,1883.94905,TRUE
2020-10-08,35.6842105263158,8267,121,8146,6000,69.92,1950.6787,TRUE
2020-10-10,34.8571428571429,7907,75,7832,6000,63.2380952380952,1905.7004,TRUE
2020-10-12,28.5,1296,41,1255,6000,68.04,1919.5902,FALSE
2020-10-13,20.3157894736842,8222,87,8135,6000,68,1996.05532,TRUE
2020-10-14,26.8333333333333,9399,49,9350,6000,72.2631578947368,2121.2454,TRUE
2020-10-15,25.5263157894737,7743,40,7703,6000,72.1052631578947,1955.35774,TRUE
2020-10-16,22.5333333333333,5613,61,5552,6000,68.6818181818182,1933.56483,FALSE
2020-10-17,12.25,7526,23,7503,6000,68.3333333333333,2118.8049,TRUE
2020-10-19,38.25,5970,109,5861,6000,79.75,2091.68185,FALSE
2020-10-20,32.3333333333333,7221,34,7187,6000,70.5625,2219.9862,TRUE
2020-10-22,27.1052631578947,3763,34,3729,6000,70.6,1825.24951,FALSE
2020-10-23,29.75,8238,29,8209,6000,76.5384615384615,2384.2978,TRUE
2020-10-24,16.2222222222222,9314,88,9226,6000,69.5384615384615,1833.32274,TRUE
2020-10-25,20.6842105263158,2386,26,2360,6000,67.3333333333333,1807.40634,FALSE
2020-10-26,17.7222222222222,5750,79,5671,6000,66.4,1897.09834,FALSE
2020-11-01,31.3846153846154,3813,22,3791,6000,74.0714285714286,2110.4381,FALSE
2020-11-02,29.1578947368421,6249,19,6230,6000,72.4230769230769,1975.50872,TRUE
2020-11-04,28.7222222222222,9880,85,9795,6000,71.75,1934.33748,TRUE
2020-11-05,32.8,10781,116,10665,6000,83.9333333333333,1988.6071,TRUE
2020-11-06,26.1666666666667,11327,57,11270,6000,72.76,1915.10542,TRUE
2020-11-07,31.8888888888889,16641,74,16567,6000,64.7333333333333,2530.98257,TRUE
2020-11-09,36.2777777777778,8477,105,8372,6000,69.08,1928.0544,TRUE
2020-11-12,29.125,3169,30,3139,6000,75.9047619047619,1854.52723,FALSE
2020-11-13,33.2142857142857,6430,61,6369,6000,68.5714285714286,1904.08076,TRUE
2020-11-16,19.2631578947368,2481,41,2440,6000,70.36,1898.44873,FALSE
2020-11-19,38.5384615384615,10924,62,10862,6000,70.7222222222222,1916.08005,TRUE
2020-11-20,27.6,9430,61,9369,6000,74.2272727272727,1951.81733,TRUE
2020-11-23,16.4,3536,60,3476,6000,69.5454545454545,1802.33046,FALSE
2020-11-24,28.4117647058824,8986,103,8883,6000,70.0434782608696,1865.988,TRUE
2020-11-25,45.6,8797,61,8736,6000,74.0769230769231,1998.4099,TRUE
2020-11-28,29.4,6386,3311,3075,6000,66.875,1771.50729,TRUE
2020-11-29,25.2222222222222,1806,34,1772,6000,67.9375,1867.98909,FALSE
2020-11-30,22.2142857142857,1110,9,1101,6000,69.2857142857143,1889.1532,FALSE
2020-12-01,34.875,3651,41,3610,6000,72.4375,1970.97442,FALSE
2020-12-02,13.3529411764706,8214,4098,4116,6000,70.8,1907.60635,TRUE
2020-12-03,24.875,1777,54,1723,6000,68.1739130434783,2006.11305,FALSE
2020-12-04,25.7333333333333,8608,4230,4378,6000,79.2,2143.4902,TRUE
2020-12-06,13.3333333333333,5650,77,5573,6000,66.5714285714286,2132.2919,FALSE
2020-12-07,37.5555555555556,4030,77,3953,6000,78.04,1862.5874,FALSE
2020-12-08,25.1764705882353,11854,94,11760,6000,78.8125,1942.72878,TRUE
2020-12-09,27.45,10834,94,10740,6000,74,1792.97111,TRUE
2020-12-10,21.2,8620,69,8551,6000,67.5769230769231,1887.89836,TRUE
2020-12-12,22.8666666666667,2053,43,2010,6000,72.9090909090909,1864.39484,FALSE
2020-12-14,22.2666666666667,4338,10,4328,6000,69.1363636363636,1859.86843,FALSE
2020-12-15,25.6470588235294,11814,75,11739,6000,78,1895.05598,TRUE
2020-12-16,25.7,12377,33,12344,6000,69.5,1995.3903,TRUE
2020-12-18,17.5625,8050,45,8005,6000,63.0869565217391,2054.648,TRUE
2020-12-20,10.1,5787,25,5762,6000,59.5,1804.72689,FALSE
2020-12-21,34.6875,6026,59,5967,6000,74.2380952380952,1943.66393,TRUE
2020-12-22,30.2222222222222,12700,46,12654,6000,80.8888888888889,1988.68535,TRUE
2020-12-28,25.75,2541,9,2532,6000,70.68,1803.81614,FALSE
2020-12-30,29.3125,10097,26,10071,6000,77.5714285714286,1755.306194,TRUE
2020-12-31,22.9166666666667,7145,45,7100,6000,74.5,2087.5999,TRUE
2021-01-01,31.2,4316,14,4302,6000,69.8571428571429,1853.24603,FALSE
2021-01-03,46.3684210526316,9481,147,9334,6000,73.75,1811.9537,TRUE
2021-01-05,31,5743,25,5718,6000,69.5,1998.70357,FALSE
2021-01-07,30.2352941176471,6570,47,6523,6000,70.125,1903.75957,TRUE
2021-01-08,30.4,5845,24,5821,6000,71.1428571428571,1753.361405,FALSE
2021-01-09,22.5,8272,39,8233,6000,70.9,2090.05923,TRUE
2021-01-11,30.5333333333333,6479,45,6434,6000,70.6818181818182,2011.5544,TRUE
2021-01-12,22.35,8415,62,8353,6000,72.24,2022.57167,TRUE
2021-01-13,15.2352941176471,6319,42,6277,6000,66.8636363636364,1839.59538,TRUE
2021-01-14,24.6111111111111,9496,95,9401,6000,71.2916666666667,1908.51556,TRUE
2021-01-15,25.5454545454545,9450,34,9416,6000,73.1176470588235,2032.71675,TRUE
2021-01-23,11.8421052631579,8776,43,8733,6000,64.3181818181818,1783.60469,TRUE
2021-01-24,25.5882352941176,6641,87,6554,6000,68.4166666666667,1767.235916,TRUE
2021-01-25,31.2727272727273,6941,97,6844,6000,70.5789473684211,1962.4914,TRUE
2021-01-26,34.3333333333333,14451,141,14310,6000,87,2223.99327,TRUE
2021-01-27,18.8333333333333,15323,91,15232,6000,68.05,1889.50918,TRUE
2021-01-28,22.6111111111111,8559,64,8495,6000,70.3333333333333,1810.25244,TRUE
2021-01-29,23.0588235294118,10710,134,10576,6000,69.1304347826087,1727.45119,TRUE
2021-01-30,8.5,7915,69,7846,6000,69.3333333333333,1971.92597,TRUE
2021-01-31,22.1176470588235,6581,108,6473,6000,68.6,1809.43474,TRUE
2021-02-01,25.5333333333333,5781,72,5709,6000,69.3684210526316,1883.8848,FALSE
2021-02-03,19.1176470588235,8956,52,8904,6000,78.0625,1860.16709,TRUE
2021-02-04,29.3529411764706,8581,57,8524,6000,69.4166666666667,1861.22574,TRUE
2021-02-05,15.4117647058824,9794,53,9741,6000,71.7222222222222,1929.12594,TRUE
2021-02-06,20.8235294117647,8502,199,8303,6000,63.44,1887.96418,TRUE
2021-02-07,23,6959,92,6867,6000,76.8125,1935.59737,TRUE
2021-02-10,33.25,12836,127,12709,6000,85.2352941176471,1973.35003,TRUE
2021-02-11,37.7368421052632,12141,72,12069,6000,73.25,1956.78566,TRUE
2021-02-12,32.5789473684211,10593,204,10389,6000,80.75,1995.6558,TRUE
2021-02-13,14.8333333333333,14902,243,14659,6000,67.64,1724.789997,TRUE
2021-02-14,18.3684210526316,9729,123,9606,6000,68.35,1741.135,TRUE
2021-02-15,15.4545454545455,5063,60,5003,6000,71.1666666666667,1814.10089,FALSE
2021-02-16,32.1176470588235,13089,116,12973,6000,76.0454545454545,1895.9339,TRUE
2021-02-18,28.6428571428571,9447,144,9303,6000,77.9333333333333,1943.63596,TRUE
2021-02-19,22.4,9247,57,9190,6000,68.6,1906.6949,TRUE
2021-02-20,18.3529411764706,8490,83,8407,6000,63.3913043478261,1815.07998,TRUE
2021-02-21,17.4117647058824,13459,122,13337,6000,64.2916666666667,2113.81455,TRUE
2021-02-22,37.5625,3510,41,3469,6000,75.0909090909091,2113.3864,FALSE
2021-02-23,39.7777777777778,11401,105,11296,6000,70.4583333333333,2492.12854,TRUE
2021-02-24,41.2631578947368,7956,17,7939,6000,75.95,1937.9547,TRUE
2021-02-25,27,8846,66,8780,6000,74.3636363636364,2011.20526,TRUE
2021-02-26,27.8823529411765,8156,55,8101,6000,72.3333333333333,1924.9755,TRUE
2021-02-27,22.5625,6981,40,6941,6000,65.8846153846154,2072.3839,TRUE
2021-02-28,20.875,1698,63,1635,6000,64.3888888888889,2188.7055,FALSE
2021-03-01,35.3888888888889,1590,33,1557,6000,73.7894736842105,1946.23343,FALSE
2021-03-03,26.8333333333333,8831,104,8727,6000,69.5,1938.96586,TRUE
2021-03-04,29.0526315789474,7233,80,7153,6000,70.3461538461538,1974.75182,TRUE
2021-03-12,34.1818181818182,9545,3255,6290,6000,69.65,2130.01874,TRUE
2021-03-14,13.8333333333333,5871,96,5775,6000,65.4583333333333,2072.028,FALSE
2021-03-16,25.3333333333333,7067,156,6911,6000,67.1764705882353,2082.7482,TRUE
2021-03-17,35.6923076923077,10088,59,10029,6000,70.5,1970.1861,TRUE
2021-03-19,26.5,10014,46,9968,6000,73.9565217391304,1941.10774,TRUE
2021-03-21,25.7222222222222,7028,3921,3107,6000,72.25,1797.82083,TRUE
2021-03-22,31.6875,9011,4697,4314,6000,74.7142857142857,2093.5221,TRUE
2021-03-23,17.5,6546,69,6477,6000,78.6666666666667,1918.43545,TRUE
2021-03-24,30.7222222222222,8995,3555,5440,6000,75.9166666666667,1989.1911,TRUE
2021-03-26,8.55555555555556,9551,39,9512,6000,66.8695652173913,1896.31966,TRUE
2021-03-27,28.1111111111111,6993,79,6914,6000,66.8181818181818,1749.598,TRUE
2021-03-28,64.5625,1773,61,1712,6000,72.05,1745.815006,FALSE
2021-03-29,36.0526315789474,8699,4893,3806,6000,75.5454545454545,1926.90087,TRUE
2021-03-30,20.2222222222222,10634,56,10578,6000,72.9473684210526,1944.3247,TRUE
2021-03-31,29.6470588235294,9007,47,8960,6000,71.0526315789474,1908.75994,TRUE
2021-04-01,31.2,10443,3444,6999,6000,76.6666666666667,1932.75878,TRUE
2021-04-02,46.2631578947368,8341,30,8311,6000,74.0526315789474,1863.0973,TRUE
2021-04-03,36.6111111111111,6483,79,6404,6000,69.0416666666667,2227.6235,TRUE
2021-04-04,26.25,9481,4066,5415,6000,73.3636363636364,1865.29062,TRUE
2021-04-05,23.8333333333333,5860,3768,2092,6000,79.0454545454545,1955.2546,FALSE
2021-04-06,21.4705882352941,14484,355,14129,6000,73.8181818181818,1873.1328,TRUE
2021-04-07,31.8,11002,4291,6711,6000,76.2916666666667,1975.37418,TRUE
2021-04-08,20.8947368421053,12740,3823,8917,6000,74.8421052631579,1836.83972,TRUE
2021-04-09,21.9,7411,48,7363,6000,69,2202.6097,TRUE
2021-04-11,24.8571428571429,1701,171,1530,6000,67.3333333333333,1841.10856,FALSE
2021-04-12,33.2105263157895,13561,5432,8129,6000,73.2916666666667,2349.8925,TRUE
2021-04-13,23.8947368421053,9319,62,9257,6000,75.95,2059.9113,TRUE
2021-04-14,20.2352941176471,11305,4330,6975,6000,66.5,2156.5887,TRUE
2021-04-15,31.3684210526316,8366,35,8331,6000,70.32,1924.90404,TRUE
2021-04-16,34.7777777777778,14270,3891,10379,6000,67.125,2228.49403,TRUE
2021-04-17,15.5625,8905,44,8861,6000,74.5625,1938.10483,TRUE
2021-04-18,16.5,11626,7396,4230,6000,67.0869565217391,2306.7369,TRUE
2021-04-19,18.25,5511,73,5438,6000,60.8181818181818,2170.28403,FALSE
2021-04-20,29.7333333333333,4930,28,4902,6000,78.2222222222222,1836.23882,FALSE
2021-04-21,36.6153846153846,9744,97,9647,6000,76.5384615384615,2078.93925,TRUE
2021-04-22,25.2,9095,84,9011,6000,68.3333333333333,2195.499,TRUE
2021-04-23,23.8666666666667,10446,135,10311,6000,76.5333333333333,1994.59657,TRUE
2021-04-24,29.0833333333333,7270,100,7170,6000,68.85,2202.3943,TRUE
2021-04-25,33.0909090909091,11537,75,11462,6000,64.9444444444444,3060.0389,TRUE
2021-04-26,16.2777777777778,7345,81,7264,6000,69.8888888888889,2029.90584,TRUE
2021-04-27,29.1052631578947,13444,402,13042,6000,75.6,2122.23034,TRUE
2021-04-28,27.25,10958,144,10814,6000,72.7,2267.0891,TRUE
2021-04-29,21.7894736842105,9606,107,9499,6000,68.15,2080.9873,TRUE
2021-04-30,37.0588235294118,8416,92,8324,6000,78.0555555555556,1936.05306,TRUE
2021-05-01,20.4444444444444,12559,66,12493,6000,72.3157894736842,2324.206,TRUE
2021-05-02,22,6323,58,6265,6000,69.875,2162.32227,TRUE
2021-05-03,34.8,10789,2861,7928,6000,79.8823529411765,2157.61654,TRUE
2021-05-04,18.6153846153846,11301,200,11101,6000,62.4210526315789,2246.4146,TRUE
2021-05-05,44.0666666666667,5310,23,5287,6000,73.2857142857143,1848.63774,FALSE
2021-05-06,32.125,12413,157,12256,6000,83.5294117647059,2199.3795,TRUE
2021-05-07,24.8571428571429,12405,86,12319,6000,67.05,2245.1207,TRUE
2021-05-08,16.3333333333333,8382,45,8337,6000,73,1938.0262,TRUE
2021-05-09,25.8333333333333,8708,19,8689,6000,71.4705882352941,2763.0409,TRUE
2021-05-10,26.75,7684,53,7631,6000,71.2,2194.4452,TRUE
2021-05-11,28.2307692307692,10068,23,10045,6000,72.6842105263158,2200.1465,TRUE
2021-05-12,21.25,6230,177,6053,6000,66.75,2018.23905,TRUE
2021-05-13,43.6666666666667,13978,28,13950,6000,72.0555555555556,2184.0172,TRUE
2021-05-14,36.1,14104,31,14073,6000,71.2142857142857,2229.0423,TRUE
2021-05-15,35.8,5728,26,5702,6000,100.4,2404.21335,FALSE
2021-05-17,49.4705882352941,16741,5892,10849,6000,80.5714285714286,2493.8266,TRUE
2021-05-18,42.0588235294118,7897,67,7830,6000,73.6470588235294,2191.78526,TRUE
2021-05-20,32,7690,281,7409,6000,67.3333333333333,2139.9253,TRUE
2021-05-21,34.625,15389,364,15025,6000,79,2367.2712,TRUE
2021-05-22,19.5555555555556,11276,125,11151,6000,64.0555555555556,2263.76524,TRUE
2021-05-23,28.3333333333333,8835,178,8657,6000,82.9166666666667,2634.6968,TRUE
2021-05-25,25.1875,6514,39,6475,6000,80.375,1877.1485,TRUE
2021-05-26,36.6315789473684,9507,109,9398,6000,69.8181818181818,2224.4085,TRUE
2021-05-27,47.6,10111,42,10069,6000,75.7142857142857,1981.64626,TRUE
2021-05-28,30.125,8989,36,8953,6000,68.875,2244.8757,TRUE
2021-05-30,38.6666666666667,8457,321,8136,6000,85,2183.7871,TRUE
2021-05-31,28.75,13085,88,12997,6000,67.0555555555556,2271.85355,TRUE
2021-06-01,32.3,2558,30,2528,6000,69.5625,1771.26701,FALSE
2021-06-02,30.6,16083,170,15913,6000,72.1333333333333,2303.2266,TRUE
2021-06-03,36.1428571428571,9980,85,9895,6000,79.2142857142857,1981.2778,TRUE
2021-06-04,24.0526315789474,7855,102,7753,6000,66.28,2234.70944,TRUE
2021-06-06,39.2857142857143,8105,197,7908,6000,93.7142857142857,2109.26695,TRUE
2021-06-07,17.8571428571429,3779,44,3735,6000,70.1428571428571,2081.78317,FALSE
2021-06-08,31.5714285714286,7357,88,7269,6000,74.76,1907.3306,TRUE
2021-06-09,25.625,8926,259,8667,6000,74.0625,2187.95506,TRUE
2021-06-10,36.7692307692308,4410,63,4347,6000,66.5555555555556,1827.33528,FALSE
2021-06-11,99,5925,38,5887,6000,91,1865.03701,FALSE
2021-06-12,41.3333333333333,4721,9,4712,6000,92.6666666666667,1827.00057,FALSE
2021-06-13,23.1111111111111,4581,75,4506,6000,70.3076923076923,2098.1861,FALSE
2021-06-14,34.5384615384615,4251,40,4211,6000,75.5384615384615,1819.861,FALSE
2021-06-15,22.3125,7944,17,7927,6000,62.9565217391304,2139.61885,TRUE
2021-06-16,21.7142857142857,7186,27,7159,6000,67.1428571428571,1900.46405,TRUE
2021-06-18,22.5,7662,83,7579,6000,69.25,2301.9305,TRUE
2021-06-19,38.25,4073,56,4017,6000,75.9,1816.1164,FALSE
2021-06-21,42.4,7008,85,6923,6000,73.3,1928.68142,TRUE
2021-06-22,70,8593,41,8552,6000,113,2238.8628,TRUE
2021-06-23,38.1666666666667,9802,128,9674,6000,77.4166666666667,1983.64786,TRUE
2021-06-25,32.125,6163,56,6107,6000,70.375,1931.1535,TRUE
2021-06-26,49.4,6248,67,6181,6000,89.1666666666667,2055.77722,TRUE
2021-06-27,53.4285714285714,12242,396,11846,6000,83.25,2269.74564,TRUE
2021-06-28,36.7142857142857,7582,13,7569,6000,80.0714285714286,1911.25472,TRUE
2021-06-29,38,7826,54,7772,6000,65.3076923076923,2094.62565,TRUE
2021-06-30,29.1428571428571,4853,32,4821,6000,71.9333333333333,1836.4294,FALSE
2021-07-01,27.5625,6868,53,6815,6000,74.5,2507.3207,TRUE
2021-07-03,8.07142857142857,5008,29,4979,6000,71.5333333333333,1839.78021,FALSE
2021-07-04,25,6037,98,5939,6000,64.3529411764706,2230.42005,TRUE
2021-07-05,25.4,8198,44,8154,6000,71.625,1712.296301,TRUE
2021-07-07,20.2142857142857,811,7,804,6000,74.6470588235294,1720.3303,FALSE
2021-07-08,17.3809523809524,7843,28,7815,6000,66.2608695652174,2091.0646,TRUE
2021-07-11,41.8181818181818,9309,57,9252,6000,77.4545454545455,2590.7752,TRUE
2021-07-12,13.2142857142857,9285,41,9244,6000,67.8333333333333,2063.35906,TRUE
2021-07-13,32.2307692307692,6517,74,6443,6000,72.6153846153846,2450.83357,TRUE
2021-07-14,35.2105263157895,4389,109,4280,6000,78.9,1832.56597,FALSE
2021-07-15,42.6666666666667,9329,94,9235,6000,71.7619047619048,2294.25135,TRUE
2021-07-16,27.5714285714286,11588,75,11513,6000,65.6,2021.1998,TRUE
2021-07-17,32.9,8080,120,7960,6000,72.0909090909091,1928.47405,TRUE
2021-07-19,28.6666666666667,8446,67,8379,6000,68.8695652173913,2065.94902,TRUE
2021-07-20,25.5,7578,14,7564,6000,66.4782608695652,1904.11374,TRUE
2021-07-21,22.0625,7476,82,7394,6000,86.2941176470588,2378.19437,TRUE
2021-07-22,24.25,13655,91,13564,6000,70.2352941176471,2318.4167,TRUE
2021-07-24,40.75,9265,122,9143,6000,88.75,1887.62678,TRUE
2021-08-20,19.2857142857143,10186,30,10156,6000,67,2512.8054,TRUE
2021-08-24,40.0526315789474,12996,36,12960,6000,72.7916666666667,2329.4106,TRUE
2021-08-25,43.7058823529412,7571,30,7541,6000,76.4736842105263,1908.52635,TRUE
2021-08-26,31.9333333333333,8491,74,8417,6000,70.625,1942.00992,TRUE
2021-08-27,11.125,8427,70,8357,6000,69.4444444444444,1928.20288,TRUE
2021-08-29,33.3333333333333,6394,38,6356,6000,83.1111111111111,2370.26676,TRUE
2021-08-30,25.2666666666667,4529,155,4374,6000,71.0625,2007.518,FALSE
2021-08-31,35.8571428571429,7413,69,7344,6000,68.2,1910.99613,TRUE
2021-09-01,33.9375,5230,61,5169,6000,73.8823529411765,1847.25642,FALSE
2021-09-02,32.1428571428571,6834,44,6790,6000,76.25,1893.33366,TRUE
2021-09-03,44.1818181818182,11105,123,10982,6000,90.3636363636364,1908.1534,TRUE
2021-09-04,27.6363636363636,3868,57,3811,6000,68.2666666666667,2016.8068,FALSE
2021-09-06,60.5,12747,265,12482,6000,100.5,2094.827,TRUE
2021-09-07,45.0833333333333,15038,7128,7910,6000,77.1764705882353,2508.2434,TRUE
2021-09-08,31.6875,7168,27,7141,6000,76.4444444444444,1897.49712,TRUE
2021-09-09,47.0666666666667,8256,13,8243,6000,74.8666666666667,1927.30782,TRUE
2021-09-10,45,5093,23,5070,6000,72.2173913043478,1837.9766,FALSE
2021-09-13,18.9333333333333,4650,6,4644,6000,63.7368421052632,1828.15952,FALSE
2021-09-14,44.6,4313,14,4299,6000,66.7857142857143,1816.9991,FALSE
2021-09-15,31.6,7130,19,7111,6000,69.9375,1892.8648,TRUE
2021-09-16,31.75,4847,14,4833,6000,71.1538461538462,1833.91437,FALSE
2021-09-17,39.2666666666667,5775,15,5760,6000,76.6,1857.52339,FALSE
2021-09-18,29.5714285714286,7618,107,7511,6000,70.375,1914.99454,TRUE
2021-09-20,29.6428571428571,757,3,754,6000,73.9230769230769,1719.4241,FALSE
2021-09-22,37,7058,60,6998,6000,77.8,1897.03374,TRUE
2021-09-24,34.4615384615385,2264,49,2215,6000,66.5,1759.87228,FALSE
2021-09-25,74.7142857142857,2324,60,2264,6000,84.125,1769.38249,FALSE
2021-09-26,30.7,7047,208,6839,6000,68.3333333333333,1758.00069,TRUE
2021-09-28,18.125,2395,138,2257,6000,62.6153846153846,1774.457975,FALSE
2021-09-30,30.5555555555556,15260,6126,9134,6000,87.7,2587.0299,TRUE
2021-10-01,26.75,15017,64,14953,6000,94.25,2094.5569,TRUE
2021-10-02,19.1,4132,50,4082,6000,67.8181818181818,2058.6686,FALSE
2021-10-07,34,15908,6815,9093,6000,90.2,2547.4887,TRUE
2021-10-08,24.5384615384615,15981,20,15961,6000,69.1875,2026.909,TRUE
2021-10-09,45.3636363636364,3160,73,3087,6000,82.5454545454545,2128.4602,FALSE
2021-10-12,29,3366,15,3351,6000,64,1976.27346,FALSE
2021-10-14,31,2555,29,2526,6000,67.2142857142857,1967.2333,FALSE
2021-10-15,62.875,11287,5355,5932,6000,80.2941176470588,2332.9428,TRUE
2021-10-16,38.0526315789474,4560,41,4519,6000,72.6521739130435,2106.01525,FALSE
2021-10-17,32.3157894736842,16741,122,16619,6000,75.7142857142857,2279.26944,TRUE
2021-10-18,21.2352941176471,5398,73,5325,6000,70.1666666666667,2269.3878,FALSE
2021-10-19,24.9473684210526,15900,4995,10905,6000,72.2272727272727,2523.9264,TRUE
2021-10-20,27.3571428571429,3956,68,3888,6000,68.1904761904762,1807.76813,FALSE
2021-10-21,30.4545454545455,8883,51,8832,6000,65.0526315789474,2032.38674,TRUE
2021-10-22,20.7692307692308,13974,77,13897,6000,65.2631578947368,1839.42232,TRUE
2021-10-24,28,16513,829,15684,6000,70.4,2631.771,TRUE
2021-10-25,24.6666666666667,1026,17,1009,6000,65,1726.8772,FALSE
2021-10-26,17.6,5456,262,5194,6000,69.2380952380952,1868.68366,FALSE
2021-10-27,28.6666666666667,20039,641,19398,6000,82.4444444444444,2378.9152,TRUE
2021-10-28,48.5,3825,65,3760,6000,87.1428571428571,1802.90229,FALSE
2021-10-29,31.2142857142857,12843,524,12319,6000,77.8,2267.0884,TRUE
2021-10-30,21.1538461538462,17842,52,17790,6000,81.3333333333333,2120.4709,TRUE
2021-11-01,20.4285714285714,1136,63,1073,6000,65.8571428571429,1734.519292,FALSE
2021-11-07,22.2,3321,26,3295,6000,79.25,1863.37092,FALSE
2021-11-08,24.875,15193,2052,13141,6000,70.625,2323.5433,TRUE
2021-11-16,29.8823529411765,14961,1918,13043,6000,68.75,2192.8621,TRUE
2021-11-17,42.0769230769231,5724,62,5662,6000,70.7,1865.78615,FALSE
2021-11-18,30.8666666666667,4339,100,4239,6000,63.7391304347826,1825.09511,FALSE
2021-11-19,31.125,2096,41,2055,6000,75,1759.86841,FALSE
2021-11-20,26.1666666666667,4069,3,4066,6000,75.8888888888889,1809.62369,FALSE
2021-11-21,29.2857142857143,8312,34,8278,6000,69.2608695652174,2247.44413,TRUE
2021-11-22,31,3683,52,3631,6000,91,2002.72533,FALSE
2021-12-06,15.8888888888889,1621,39,1582,6000,74,1746.378796,FALSE
2021-12-07,11.1538461538462,4459,94,4365,6000,64.625,2114.35877,FALSE
2021-12-08,25.125,2022,35,1987,6000,72.96,1758.2481,FALSE
2021-12-09,24.8461538461538,4300,39,4261,6000,66.7368421052632,1823.19524,FALSE
2021-12-10,22,1240,13,1227,6000,70.625,1733.723695,FALSE
2021-12-11,26.4285714285714,5871,103,5768,6000,74.4285714285714,1872.34302,FALSE
2021-12-12,24.1428571428571,3023,46,2977,6000,69.75,1787.29998,FALSE
2021-12-13,28.15,9459,248,9211,6000,73.9130434782609,2013.92113,TRUE
2021-12-14,33,1893,26,1867,6000,70.6875,1752.250286,FALSE
2021-12-15,6.08333333333333,6109,924,5185,6000,65.875,1946.53378,TRUE
2021-12-16,12.6842105263158,2131,18,2113,6000,65,1756.73162,FALSE
2021-12-17,27.2857142857143,4260,65,4195,6000,78.6,1824.63286,FALSE
2021-12-18,15.6,2960,53,2907,6000,64.3571428571429,1784.88892,FALSE
2021-12-19,24.6315789473684,3687,44,3643,6000,71.4583333333333,1805.47996,FALSE
2021-12-20,19.9230769230769,4439,29,4410,6000,67.4761904761905,1825.83019,FALSE
2021-12-21,21.8333333333333,4782,100,4682,6000,69.1666666666667,1846.37838,FALSE
2021-12-22,25.1333333333333,6319,107,6212,6000,68.1904761904762,1912.46723,TRUE
2021-12-23,21.9375,1335,11,1324,6000,65.5714285714286,1735.759204,FALSE
2021-12-24,21.0666666666667,3644,121,3523,6000,66.4545454545455,1810.20059,FALSE
2021-12-25,20.2352941176471,1365,14,1351,6000,66.8333333333333,1735.2719,FALSE
2021-12-26,18.8823529411765,2560,90,2470,6000,63.9166666666667,1775.560885,FALSE
2021-12-27,22.6666666666667,1343,26,1317,6000,70.5,1738.556008,FALSE
2021-12-28,20.4285714285714,3175,18,3157,6000,67.8095238095238,1886.13254,FALSE
2021-12-29,25.3,5281,43,5238,6000,72.2631578947368,1983.45368,FALSE
2021-12-30,30.5555555555556,3999,20,3979,6000,70.8888888888889,1813.92296,FALSE
2021-12-31,45.7,1963,24,1939,6000,85.5333333333333,1756.619775,FALSE
2022-01-01,12.25,2668,56,2612,6000,67.6,1841.43304,FALSE
2022-01-02,17.1111111111111,3964,79,3885,6000,69.6,1811.85632,FALSE
2022-01-03,21.6470588235294,3939,87,3852,6000,73.4210526315789,1812.08652,FALSE
2022-01-04,27.4166666666667,4439,110,4329,6000,71.7894736842105,1830.2251,FALSE
2022-01-05,3,7217,35,7182,6000,77,1934.53265,TRUE
2022-01-06,15.2222222222222,3039,162,2877,6000,63.6428571428571,1793.5832,FALSE
2022-01-07,34,4825,84,4741,6000,74.7142857142857,1840.56882,FALSE
2022-01-08,37.4375,2264,37,2227,6000,75.625,1762.27001,FALSE
2022-01-09,26,5343,123,5220,6000,69.4117647058823,1856.43968,FALSE
2022-01-10,18.8181818181818,1158,22,1136,6000,79.9090909090909,1732.354705,FALSE
2022-01-11,13.9230769230769,4055,42,4013,6000,65.3333333333333,1813.683,FALSE
2022-01-12,28.5,1788,35,1753,6000,77.6315789473684,1750.0812,FALSE
2022-01-13,20.9230769230769,5474,66,5408,6000,78.1538461538462,1858.0642,FALSE
2022-01-14,24.5,2856,274,2582,6000,68.1363636363636,1790.20917,FALSE
2022-01-15,31.4166666666667,1461,30,1431,6000,73.2352941176471,1739.277383,FALSE
2022-01-16,16.3571428571429,5500,164,5336,6000,76.9047619047619,1863.44126,FALSE
2022-01-17,30.6923076923077,3674,64,3610,6000,73.7058823529412,1803.63951,FALSE
2022-01-18,24.3333333333333,5032,100,4932,6000,71.92,1845.67154,FALSE
2022-01-19,20.8421052631579,3687,168,3519,6000,71.2,1812.7399,FALSE
2022-01-20,33.6666666666667,2884,77,2807,6000,72.25,1784.049595,FALSE
2022-01-21,17.3125,5049,100,4949,6000,69.05,1850.96755,FALSE
2022-01-22,33.7647058823529,3841,72,3769,6000,69.1666666666667,1812.09888,FALSE
2022-01-23,51.2,9435,72,9363,6000,101.875,2019.40182,TRUE
2022-01-24,32,3995,30,3965,6000,75.6666666666667,1943.73468,FALSE
2022-01-25,19.6153846153846,6368,107,6261,6000,76.6666666666667,1991.00913,TRUE
2022-01-26,21.7058823529412,3001,59,2942,6000,73,1787.02417,FALSE
2022-01-28,19.75,5817,173,5644,6000,69.64,1870.96065,FALSE
2022-01-29,17.7222222222222,5666,50,5616,6000,72.8421052631579,1861.28482,FALSE
2022-01-30,29.375,7168,110,7058,6000,73.32,1912.04618,TRUE
2022-01-31,13.2352941176471,3593,66,3527,6000,65.56,1803.93901,FALSE
2022-02-01,23.7222222222222,6627,63,6564,6000,77.2083333333333,1896.99505,TRUE
2022-02-02,23.7368421052632,3422,63,3359,6000,67.2916666666667,1797.45912,FALSE
2022-02-03,21.2941176470588,3088,74,3014,6000,69.28,1786.5707,FALSE
2022-02-04,17.4285714285714,5285,130,5155,6000,68.375,1858.68033,FALSE
2022-02-05,24.6111111111111,3583,117,3466,6000,74.8,1805.42604,FALSE
2022-02-06,23.4375,5607,22,5585,6000,69.5238095238095,1858.65439,FALSE
2022-02-07,24.3684210526316,1955,78,1877,6000,72.16,1758.660905,FALSE
2022-02-08,28.3333333333333,7185,98,7087,6000,71.6428571428571,1909.81225,TRUE
2022-02-09,24.1666666666667,4558,162,4396,6000,74.68,1834.08729,FALSE
2022-02-10,23.1333333333333,2506,76,2430,6000,70.5294117647059,1770.14369,FALSE
2022-02-11,20.9473684210526,3896,77,3819,6000,70.64,1816.38211,FALSE
2022-02-12,21.7692307692308,3694,59,3635,6000,65.15,1805.53513,FALSE
2022-02-13,24.5789473684211,4229,43,4186,6000,71,1821.78557,FALSE
2022-02-14,33.2142857142857,4049,86,3963,6000,71.5,1817.58931,FALSE
2022-02-15,17.6666666666667,7104,141,6963,6000,64.7777777777778,1919.94272,TRUE
2022-02-16,21.5384615384615,1496,7,1489,6000,73.2142857142857,1741.03031,FALSE
2022-02-17,34.9375,2232,37,2195,6000,74.2272727272727,1761.4485,FALSE
2022-02-18,22,4491,63,4428,6000,78.2222222222222,1835.28833,FALSE
2022-02-19,22.7058823529412,2114,27,2087,6000,68.32,1759.31791,FALSE
2022-02-20,37.75,4949,48,4901,6000,85,1903.29405,FALSE
2022-02-21,25.5384615384615,3252,31,3221,6000,70.8,1793.07478,FALSE
2022-02-22,36.3333333333333,5739,112,5627,6000,71.7083333333333,1871.90738,FALSE
2022-02-23,23.3333333333333,1912,28,1884,6000,75.9230769230769,1754.4425,FALSE
2022-02-24,24.1818181818182,6350,31,6319,6000,68.5625,1884.96222,TRUE
2022-02-25,20,3581,32,3549,6000,80.6363636363636,1801.47832,FALSE
2022-02-26,21.2666666666667,4641,136,4505,6000,67.5,1836.8219,FALSE
2022-02-27,27.1764705882353,4469,60,4409,6000,70.0869565217391,1833.001,FALSE
2022-02-28,32.7,1876,51,1825,6000,82.8181818181818,1754.26409,FALSE
2022-03-01,28.5333333333333,4397,63,4334,6000,77.4285714285714,1827.89245,FALSE
2022-03-02,30.0714285714286,3410,48,3362,6000,79.0909090909091,1795.08338,FALSE
2022-03-03,12.75,11639,74,11565,6000,69.9545454545455,2238.53474,TRUE
2022-03-04,28.1176470588235,2004,14,1990,6000,73,1753.673796,FALSE
2022-03-05,48,6203,5,6198,6000,83.6,1877.53542,TRUE
2022-03-06,33.7777777777778,2450,7,2443,6000,86.1111111111111,1766.484826,FALSE
2022-03-13,32.9375,5337,112,5225,6000,76.4761904761905,2004.00144,FALSE
2022-03-14,21.9411764705882,5358,161,5197,6000,76.3157894736842,1779.963005,FALSE
2022-03-15,27.2727272727273,9811,2193,7618,6000,69.7222222222222,2168.1536,TRUE
2022-03-16,30.3333333333333,8019,140,7879,6000,79.7142857142857,1809.89922,TRUE
2022-03-17,26.6153846153846,4017,31,3986,6000,81.7142857142857,1991.56154,FALSE
2022-03-18,31.2941176470588,8089,95,7994,6000,75.72,1909.89552,TRUE
2022-03-19,19,4805,37,4768,6000,66.15,2062.37962,FALSE
2022-03-20,29.3333333333333,1299,3,1296,6000,84,1734.328703,FALSE
2022-03-21,33.4,7647,3021,4626,6000,78.8636363636364,2131.51108,TRUE
2022-03-22,18.3333333333333,8501,105,8396,6000,68.2307692307692,2434.92214,TRUE
2022-03-23,15.2666666666667,478,1,477,6000,70.2272727272727,1711.089696,FALSE
2022-03-24,9.25,4520,75,4445,6000,61.76,2166.129,FALSE
2022-03-25,29.8333333333333,2429,61,2368,6000,74,1771.50358,FALSE
2022-03-27,33.4117647058824,5882,146,5736,6000,75,1872.60247,FALSE
2022-03-28,8.66666666666667,9387,3821,5566,6000,66.5625,2148.84854,TRUE
2022-03-30,27.8823529411765,1111,2,1109,6000,69.44,1728.655894,FALSE
2022-03-31,20.2352941176471,8777,2862,5915,6000,65.2916666666667,2207.8894,TRUE
2022-04-01,26.4285714285714,1380,23,1357,6000,66.0476190476191,1737.102695,FALSE
2022-04-02,23.1875,3971,16,3955,6000,68.0909090909091,2138.4023,FALSE
2022-04-03,21.1428571428571,9179,28,9151,6000,71.5,2300.0249,TRUE
2022-04-04,17.75,1807,16,1791,6000,66.5652173913043,1750.206805,FALSE
2022-04-05,18.3333333333333,5391,126,5265,6000,63.2222222222222,2201.67554,FALSE
2022-04-06,31.8333333333333,2408,4,2404,6000,71.15,1767.7701,FALSE
2022-04-07,36.8,4941,102,4839,6000,71.6111111111111,2330.1897,FALSE
2022-04-08,36.6666666666667,14546,5516,9030,6000,77.2222222222222,2548.768,TRUE
2022-04-09,20.7857142857143,6351,70,6281,6000,79.5,2137.1289,TRUE
2022-04-10,24.5555555555556,14663,5270,9393,6000,75.5,2560.0024,TRUE
2022-04-12,18.1111111111111,5366,50,5316,6000,64.16,2146.6652,FALSE
2022-04-13,36.1,2702,31,2671,6000,69.1538461538462,1776.562,FALSE
2022-04-14,29.1,4513,41,4472,6000,71.6,2283.94224,FALSE
2022-04-15,26.6842105263158,10580,241,10339,6000,72.5238095238095,2258.3343,TRUE
2022-04-16,21.3,6011,244,5767,6000,71.1,2191.51875,TRUE
2022-04-17,27.3846153846154,3158,24,3134,6000,68,1788.73334,FALSE
2022-04-18,15.875,14191,5480,8711,6000,64.5909090909091,2223.19704,TRUE
2022-04-19,17,2791,71,2720,6000,60.2666666666667,1781.3294,FALSE
2022-04-20,12,2960,68,2892,6000,59.0714285714286,1962.11087,FALSE
2022-04-21,16.875,1355,35,1320,6000,67.9090909090909,1737.931998,FALSE
2022-04-22,23,4618,48,4570,6000,67.4761904761905,1834.30617,FALSE
2022-04-23,23.0588235294118,4748,35,4713,6000,69.0952380952381,1767.128216,FALSE
2022-04-25,32.8666666666667,14331,6541,7790,6000,73.5263157894737,2658.2445,TRUE
2022-04-26,21.1428571428571,7982,426,7556,6000,63.75,1997.7631,TRUE
2022-04-27,24.6363636363636,4650,73,4577,6000,72.5,1742.645004,FALSE
2022-04-29,26.0625,8195,57,8138,6000,72.4782608695652,2005.5845,TRUE
2022-04-30,29.2,8260,3726,4534,6000,64.0909090909091,2204.5173,TRUE
2022-05-01,28.0714285714286,1319,10,1309,6000,64,1736.883495,FALSE
2022-05-02,30.4117647058824,3921,108,3813,6000,69.75,1820.86413,FALSE
2022-05-03,18.8,4866,31,4835,6000,65.3636363636364,2460.22855,FALSE
2022-05-04,34.7857142857143,3213,42,3171,6000,72.6,1788.64882,FALSE
2022-05-05,20.8823529411765,6670,46,6624,6000,72.0909090909091,2292.02044,TRUE
2022-05-06,29.4705882352941,6542,54,6488,6000,77.8235294117647,2206.1897,TRUE
2022-05-07,20.6666666666667,6063,63,6000,6000,69.72,1925.06823,TRUE
2022-05-08,27.8571428571429,5636,31,5605,6000,78.1333333333333,2181.7826,FALSE
2022-05-09,24.8333333333333,3287,141,3146,6000,73,1963.06708,FALSE
2022-05-10,21.2142857142857,9292,3896,5396,6000,86.5,2255.8752,TRUE
2022-05-11,28.1875,17323,709,16614,6000,77,2627.7852,TRUE
2022-05-12,11.0666666666667,6185,202,5983,6000,61.5,2137.7468,TRUE
2022-05-13,35,2539,69,2470,6000,72.75,1774.523766,FALSE
2022-05-14,15.6666666666667,4404,65,4339,6000,63.4,2191.67703,FALSE
2022-05-15,32,8679,88,8591,6000,76.5333333333333,1945.95203,TRUE
2022-05-16,28.8461538461538,14822,7038,7784,6000,78.55,2652.1965,TRUE
2022-05-17,34.7142857142857,10178,136,10042,6000,73.8571428571429,2353.53115,TRUE
2022-05-18,37.6,19017,114,18903,6000,76.4347826086957,2986.8222,TRUE
2022-05-19,25.0769230769231,4283,34,4249,6000,82.7333333333333,2131.8779,FALSE
2022-05-20,33.2727272727273,12551,4689,7862,6000,83.3333333333333,2423.0123,TRUE
2022-05-21,27.6923076923077,5746,80,5666,6000,78,2189.8893,FALSE
2022-05-22,25.55,6583,325,6258,6000,73.92,1909.9749,TRUE
2022-05-23,17.0526315789474,15296,7045,8251,6000,69.36,2553.4319,TRUE
2022-05-24,22.5,5885,67,5818,6000,71.7,2063.67384,FALSE
2022-05-25,41.0625,2068,11,2057,6000,80.1875,1754.00081,FALSE
2022-05-26,29.5882352941176,4815,82,4733,6000,67.8695652173913,2130.7048,FALSE
2022-05-27,44.8888888888889,7257,122,7135,6000,72.375,1841.35015,TRUE
2022-05-29,16.0666666666667,8956,46,8910,6000,63,1951.24765,TRUE
2022-05-30,50,1584,13,1571,6000,92.3333333333333,1743.06731,FALSE
2022-05-31,10.95,21176,6236,14940,6000,66.1363636363636,2926.5382,TRUE
2022-06-01,43.2777777777778,5261,31,5230,6000,76.2916666666667,1971.96635,FALSE
2022-06-02,28,5943,19,5924,6000,78.9523809523809,1860.2331,FALSE
2022-06-03,28,8134,133,8001,6000,76.5,2208.1378,TRUE
2022-06-04,25.3157894736842,7868,84,7784,6000,74.1666666666667,2285.727,TRUE
2022-06-05,17.7142857142857,7411,145,7266,6000,69.5882352941177,2018.45104,TRUE
2022-06-06,26.25,16109,95,16014,6000,67.95,2327.7461,TRUE
2022-06-07,38.9411764705882,10770,3102,7668,6000,75.5,2225.3412,TRUE
2022-06-08,31.3529411764706,5845,123,5722,6000,72.5652173913043,1867.27209,FALSE
2022-06-09,25.7647058823529,11200,535,10665,6000,67.36,2240.5548,TRUE
2022-06-10,25.9230769230769,9542,3146,6396,6000,77.4285714285714,2165.776,TRUE
2022-06-11,39.9090909090909,8549,472,8077,6000,77.9090909090909,2040.2493,TRUE
2022-07-08,30.8,6174,41,6133,6000,75.88,2545.144,TRUE
2022-07-09,31.9285714285714,10496,3039,7457,6000,65.35,2263.6426,TRUE
2022-07-10,37.1333333333333,2620,12,2608,6000,70.3684210526316,1767.234774,FALSE
2022-07-11,46.5294117647059,4531,47,4484,6000,68.6086956521739,2059.27207,FALSE
2022-07-12,34.8235294117647,8958,1993,6965,6000,73.5909090909091,2078.2679,TRUE
2022-07-13,39.2222222222222,10916,2237,8679,6000,81.5263157894737,2195.2351,TRUE
2022-07-14,37.5789473684211,7649,1513,6136,6000,74.12,2143.1413,TRUE
2022-07-15,34.1428571428571,7010,106,6904,6000,70.2631578947368,2044.5206,TRUE
2022-07-16,21.5625,8510,1734,6776,6000,74.7647058823529,1950.8226,TRUE
2022-08-12,25.0666666666667,14961,1040,13921,6000,73.5625,2258.59233,TRUE
2022-08-13,24.1,6573,92,6481,6000,64.8333333333333,2016.23444,TRUE
2022-08-14,19,6262,10,6252,6000,63.0833333333333,1863.22997,TRUE
2022-08-15,41.4736842105263,2916,81,2835,6000,82.8947368421053,1779.92998,FALSE
2022-08-16,40.1111111111111,14806,2631,12175,6000,72.3913043478261,2340.01356,TRUE
2022-08-17,31.8888888888889,11928,46,11882,6000,73.7083333333333,2261.2077,TRUE
2022-08-18,36.6842105263158,16302,103,16199,6000,78.7,2416.3692,TRUE
2022-08-19,44.1111111111111,8584,27,8557,6000,78,2076.17154,TRUE
2022-08-20,42.1666666666667,11259,491,10768,6000,71.5263157894737,2121.6249,TRUE
2022-08-21,22,9052,17,9035,6000,75.3333333333333,2100.6991,TRUE
2022-08-23,33.5625,10635,385,10250,6000,71.65,2074.6044,TRUE
2022-08-24,48.6111111111111,7804,21,7783,6000,85.2777777777778,2204.63694,TRUE
2022-08-25,41.75,5713,93,5620,6000,72.2608695652174,2099.2381,FALSE
2022-08-26,42.75,7057,21,7036,6000,83.7058823529412,2036.55603,TRUE
2022-08-27,36.3333333333333,14175,1158,13017,6000,82.7,2276.1746,TRUE
2022-08-28,39.4615384615385,10812,26,10786,6000,74.9,2442.6828,TRUE
2022-08-29,39.4545454545455,2864,126,2738,6000,70.5882352941177,2172.27283,FALSE
2022-08-30,48.8666666666667,7947,210,7737,6000,75.65,2099.6853,TRUE
2022-08-31,44.1052631578947,7908,145,7763,6000,73.64,2153.46736,TRUE
2022-09-01,53.5789473684211,7966,59,7907,6000,77.72,2164.57443,TRUE
2022-09-02,46.1538461538462,13336,3107,10229,6000,78.3333333333333,2294.2838,TRUE
2022-09-03,23.1,9253,72,9181,6000,66.25,2116.20145,TRUE
2022-09-04,33.1875,6087,72,6015,6000,70.8333333333333,2085.33964,TRUE
2022-09-06,34.4705882352941,9839,12,9827,6000,80.5882352941177,1999.25943,TRUE
2022-09-07,33.7222222222222,16345,122,16223,6000,73.695652173913,2307.18944,TRUE
2022-09-08,28.7058823529412,17242,64,17178,6000,72.0909090909091,2692.3775,TRUE
2022-09-09,22.1666666666667,16194,2563,13631,6000,70.44,2452.4596,TRUE
2022-09-10,18.1538461538462,12196,110,12086,6000,68.5,2448.4328,TRUE
2022-09-11,31.2727272727273,8574,346,8228,6000,65.2222222222222,2092.7535,TRUE
2022-09-12,14.75,9272,4098,5174,6000,66.7619047619048,2182.86296,TRUE
2022-09-13,34.7647058823529,11013,270,10743,6000,70.125,2353.1846,TRUE
2022-09-14,23,11797,156,11641,6000,65.1363636363636,2347.62855,TRUE
2022-09-15,38.1764705882353,12725,450,12275,6000,67.7826086956522,2197.8258,TRUE
2022-09-16,51.1538461538462,14891,184,14707,6000,71.7777777777778,2509.1092,TRUE
2022-09-17,42.9411764705882,9978,117,9861,6000,74.9047619047619,2279.4135,TRUE
2022-09-18,30.2777777777778,10397,3413,6984,6000,72.2083333333333,2339.6844,TRUE
2022-09-19,17.3333333333333,7990,31,7959,6000,73.5833333333333,2043.25395,TRUE
2022-09-20,29.7333333333333,14266,84,14182,6000,76.6190476190476,2531.4754,TRUE
2022-09-21,23.3333333333333,14290,707,13583,6000,74.875,2338.2065,TRUE
2022-09-22,21.8947368421053,9507,112,9395,6000,72.0384615384615,2237.85515,TRUE
2022-09-23,22.125,13901,3321,10580,6000,70.9130434782609,2303.4852,TRUE
2022-09-24,25.8823529411765,6962,82,6880,6000,67.375,2163.7696,TRUE
2022-09-25,26.6923076923077,7643,320,7323,6000,70.95,2027.88223,TRUE
2022-09-26,35.7647058823529,5050,73,4977,6000,70.8260869565217,2230.5863,FALSE
2022-09-27,28.6111111111111,9234,84,9150,6000,67.9583333333333,2248.542,TRUE
2022-09-28,30.7222222222222,11788,100,11688,6000,71.2105263157895,2310.1283,TRUE
2022-09-29,34.8888888888889,12271,395,11876,6000,68.0416666666667,2218.84,TRUE
2022-09-30,44.8125,10708,121,10587,6000,73.4090909090909,2293.6417,TRUE
2022-10-01,24.5454545454545,14010,1824,12186,6000,78.1428571428571,2615.6629,TRUE
2022-10-02,39.5,4698,118,4580,6000,80.4166666666667,1953.12862,FALSE
2022-10-03,23.7647058823529,5027,114,4913,6000,68.8181818181818,2220.7872,FALSE
2022-10-04,26.375,8959,55,8904,6000,74.8,2201.8239,TRUE
2022-10-05,18.4705882352941,9643,240,9403,6000,67.2173913043478,2112.9448,TRUE
2022-10-06,35.7368421052632,11954,96,11858,6000,75.65,2396.54935,TRUE
2022-10-07,22.3125,16419,3692,12727,6000,66.6111111111111,2401.5337,TRUE
2022-10-08,42.4210526315789,9724,69,9655,6000,72.2,2235.5279,TRUE
2022-10-09,48.6363636363636,6241,22,6219,6000,81.5454545454545,2089.76517,TRUE
2022-10-10,29.4736842105263,9247,74,9173,6000,64.88,2276.74375,TRUE
2022-10-11,39.1428571428571,12866,3538,9328,6000,76.6875,2274.5757,TRUE
2022-10-12,30.7058823529412,8297,83,8214,6000,68.5454545454545,2219.58596,TRUE
2022-10-13,45,9469,151,9318,6000,71.44,2095.3533,TRUE
2022-10-14,33.6470588235294,10807,182,10625,6000,68.24,2219.57364,TRUE
2022-10-15,40.7142857142857,7996,101,7895,6000,76.5,2116.2843,TRUE
2022-10-16,30.6111111111111,6785,43,6742,6000,68.32,2140.0933,TRUE
2022-10-17,32.3333333333333,5977,132,5845,6000,67.24,2248.6817,FALSE
2022-10-18,24.6111111111111,7210,89,7121,6000,73,2073.36048,TRUE
2022-10-19,20.7222222222222,8282,471,7811,6000,66.25,2109.225,TRUE
2022-10-20,41.9375,11194,2988,8206,6000,69.7391304347826,2285.5316,TRUE
2022-10-21,33.1428571428571,11971,3301,8670,6000,76.8666666666667,2328.30496,TRUE
2022-10-22,23.35,10053,315,9738,6000,69.8571428571429,2150.32796,TRUE
2022-10-23,40.5333333333333,6662,28,6634,6000,72.1818181818182,2087.48635,TRUE
2022-10-24,31.6,7176,38,7138,6000,71.2,2082.62692,TRUE
2022-10-25,36.8,7824,63,7761,6000,64.9545454545455,2143.5507,TRUE
2022-10-26,28.8823529411765,6946,35,6911,6000,73.7777777777778,2135.9168,TRUE
2022-10-27,32.125,7165,195,6970,6000,75.4117647058823,2090.043,TRUE
2022-10-28,26.6842105263158,9167,197,8970,6000,67.4,2283.47323,TRUE
2022-10-29,30.952380952381,7000,36,6964,6000,72.6818181818182,2181.6808,TRUE
2022-10-30,27.5,6561,264,6297,6000,65.7647058823529,2117.8674,TRUE
2022-10-31,37.6428571428571,4387,168,4219,6000,78.8571428571429,2196.96825,FALSE
2022-11-06,42.7777777777778,7401,54,7347,6000,75.25,2255.6859,TRUE
2022-11-07,36.6428571428571,7993,68,7925,6000,73.2142857142857,2288.88954,TRUE
2022-11-08,37.4375,8259,183,8076,6000,65.3181818181818,2077.76436,TRUE
2022-11-09,30.45,13199,103,13096,6000,72.56,2274.5325,TRUE
2022-11-10,24.7222222222222,9400,172,9228,6000,70.0416666666667,2186.8363,TRUE
2022-11-11,34.4,10613,1645,8968,6000,73.52,2171.411,TRUE
2022-11-12,33.5882352941176,10072,76,9996,6000,73.56,2345.4027,TRUE
2022-11-13,31.5833333333333,8024,78,7946,6000,67.6428571428571,2154.59746,TRUE
2022-11-14,39.3529411764706,3696,55,3641,6000,69.64,2040.86855,FALSE
2022-11-15,29.7058823529412,7634,40,7594,6000,68,2335.79166,TRUE
2022-11-16,34.8888888888889,9210,112,9098,6000,72,2125.0634,TRUE
2022-11-17,37.3529411764706,7692,207,7485,6000,68.88,2221.8451,TRUE
2022-11-18,36.2777777777778,8733,119,8614,6000,77.6111111111111,2225.28663,TRUE
2022-11-19,29.4705882352941,8678,95,8583,6000,77.7894736842105,2220.80966,TRUE
2022-11-20,42.2857142857143,7119,148,6971,6000,73.2857142857143,2151.07004,TRUE
2022-11-21,21.9444444444444,13164,2177,10987,6000,73.0555555555556,2237.0158,TRUE
2022-11-22,29,8741,218,8523,6000,70.96,2138.6678,TRUE
2022-11-23,20.6666666666667,8711,72,8639,6000,77.3888888888889,2198.22413,TRUE
2022-11-24,25.2142857142857,9317,140,9177,6000,67.8571428571429,2332.98504,TRUE
2022-11-26,43.8571428571429,2506,13,2493,6000,79.9333333333333,1758.52849,FALSE
2022-11-27,16.3888888888889,7519,71,7448,6000,63.9411764705882,2193.5992,TRUE
2022-11-28,39.7222222222222,4496,37,4459,6000,76.28,2044.57838,FALSE
2022-11-29,20.15,8911,309,8602,6000,70,2068.9807,TRUE
2022-11-30,23.1111111111111,8361,187,8174,6000,70.8333333333333,2172.37704,TRUE
2022-12-01,32.8125,9479,110,9369,6000,76.3913043478261,1971.1105,TRUE
2022-12-02,29.4736842105263,9514,75,9439,6000,74.44,2061.2916,TRUE
2022-12-03,16.9411764705882,7880,134,7746,6000,67.5,2199.26605,TRUE
2022-12-04,37.7368421052632,5843,37,5806,6000,72.16,1855.27428,FALSE
2022-12-05,28,8305,80,8225,6000,65.72,2170.36014,TRUE
2022-12-06,28.6666666666667,8306,297,8009,6000,73.0666666666667,2040.65487,TRUE
2022-12-07,29.2105263157895,7681,58,7623,6000,67.12,2116.85484,TRUE
2022-12-08,43.4736842105263,9473,102,9371,6000,74.64,2247.1612,TRUE
2022-12-09,42.3333333333333,11961,2015,9946,6000,77.2608695652174,2273.04983,TRUE
2022-12-10,23.8235294117647,6808,67,6741,6000,66.9090909090909,1988.77185,TRUE
2022-12-11,73,5251,111,5140,6000,86,2156.261,FALSE
2022-12-12,32.125,4873,234,4639,6000,70.125,1969.00556,FALSE
2022-12-13,18,5673,25,5648,6000,68.0526315789474,1877.29229,FALSE
2022-12-14,25.4210526315789,8689,142,8547,6000,74.68,2273.3942,TRUE
2022-12-15,25.1176470588235,6989,138,6851,6000,67,1947.54385,TRUE
2022-12-16,31.4375,8825,62,8763,6000,72,2133.4426,TRUE
2022-12-18,36.75,4910,40,4870,6000,85.25,2097.03947,FALSE
2022-12-19,30.6,7621,138,7483,6000,73.5416666666667,2162.8468,TRUE
2022-12-20,27.8333333333333,5501,86,5415,6000,78.3684210526316,1856.42339,FALSE
2022-12-21,16.2666666666667,4516,13,4503,6000,70.7647058823529,1815.65624,FALSE
2022-12-22,27.3684210526316,2466,28,2438,6000,69.2608695652174,1761.265,FALSE
2022-12-23,16.5714285714286,5891,20,5871,6000,62.6,1935.3702,FALSE
2022-12-24,23.0833333333333,1415,37,1378,6000,62.2631578947368,1734.332,FALSE
2022-12-25,25.3636363636364,1718,85,1633,6000,64.9411764705882,1807.1146,FALSE
2022-12-26,27.4210526315789,2383,24,2359,6000,66.44,1756.59559,FALSE
2022-12-27,23.6470588235294,2586,28,2558,6000,63.5217391304348,1765.32789,FALSE
2022-12-28,15.8461538461538,3537,68,3469,6000,61.4285714285714,1793.67753,FALSE
2022-12-29,20.3333333333333,1566,17,1549,6000,68.6666666666667,1734.186702,FALSE
2022-12-30,11.375,1771,2,1769,6000,63.5238095238095,1739.18369,FALSE
2022-12-31,25.5,1776,52,1724,6000,61.1176470588235,1745.26868,FALSE
2023-01-01,43.4,764,40,724,6000,68,1714.604396,FALSE
2023-01-02,36.75,1188,8,1180,6000,64.6086956521739,1724.039993,FALSE
2023-01-03,20.6363636363636,1497,17,1480,6000,61.5555555555556,1733.417216,FALSE
2023-01-04,26.4736842105263,1361,26,1335,6000,71.0434782608696,1729.71921,FALSE
2023-01-05,16.4117647058824,6028,90,5938,6000,65.1739130434783,2162.60667,TRUE
2023-01-06,35.6363636363636,1734,116,1618,6000,64.35,1748.25729,FALSE
2023-01-07,19.3529411764706,3113,42,3071,6000,64.88,1777.75329,FALSE
2023-01-08,22.5,2487,70,2417,6000,62.6153846153846,1766.18452,FALSE
2023-01-09,20.6111111111111,4714,111,4603,6000,68.4583333333333,2105.48602,FALSE
2023-01-10,33.5714285714286,7570,2938,4632,6000,93.7777777777778,2130.95994,TRUE
2023-01-11,29.55,3991,20,3971,6000,70.6521739130435,2106.2564,FALSE
2023-01-12,21.0769230769231,4198,76,4122,6000,67.0526315789474,1812.28437,FALSE
2023-01-13,31.8125,4596,18,4578,6000,69.9523809523809,2110.0823,FALSE
2023-01-14,26.6923076923077,5784,54,5730,6000,70.3846153846154,2118.43484,FALSE
2023-01-15,48.7692307692308,1656,20,1636,6000,84.8571428571429,1739.99259,FALSE
2023-01-16,27.0588235294118,9862,428,9434,6000,71.6190476190476,2125.6995,TRUE
2023-01-17,23.1052631578947,5910,55,5855,6000,70.32,2147.46956,FALSE
2023-01-18,25.625,4077,68,4009,6000,71.5882352941177,2032.03338,FALSE
2023-01-19,25.95,4270,118,4152,6000,69.92,2100.78128,FALSE
2023-01-20,34.7142857142857,6325,109,6216,6000,72.5,2230.87324,TRUE
2023-01-21,32.2857142857143,7565,56,7509,6000,71.25,2176.25777,TRUE
2023-01-22,37.5,2201,13,2188,6000,80.375,1752.2595,FALSE
2023-01-23,22.2352941176471,7587,56,7531,6000,68.04,1906.2048,TRUE
2023-01-24,28.7647058823529,7545,211,7334,6000,75.2173913043478,2101.70974,TRUE
2023-01-25,43.6,10629,111,10518,6000,76.3636363636364,2334.2345,TRUE
2023-01-26,33.4285714285714,11447,3103,8344,6000,83.2857142857143,2282.79276,TRUE
2023-01-27,26.5,10855,136,10719,6000,71.4,2321.8022,TRUE
2023-01-28,30.5,9034,114,8920,6000,69.875,2263.1619,TRUE
2023-01-30,24.2666666666667,5668,56,5612,6000,70.5909090909091,2084.41074,FALSE
2023-01-31,32.3529411764706,13717,3680,10037,6000,78.0909090909091,2443.82405,TRUE
2023-02-01,28.4117647058824,9713,177,9536,6000,73.3333333333333,2252.4754,TRUE
2023-02-02,27.0555555555556,7918,54,7864,6000,71.04,2159.4386,TRUE
2023-02-03,25.4,9653,186,9467,6000,74.7368421052632,2120.7733,TRUE
2023-02-04,32.8421052631579,7756,131,7625,6000,73.4166666666667,2227.3541,TRUE
2023-02-05,25.2941176470588,8718,328,8390,6000,71.9583333333333,2157.5305,TRUE
2023-02-06,20,8882,123,8759,6000,67.1739130434783,2222.7676,TRUE
2023-02-07,33.7,10375,124,10251,6000,70.6,2019.7103,TRUE
2023-02-08,33,9486,75,9411,6000,79.5,2244.4132,TRUE
2023-02-09,31.375,7005,73,6932,6000,68.3636363636364,2096.15778,TRUE
2023-02-10,36.6,9349,173,9176,6000,83.4,1992.63803,TRUE
2023-02-11,33.6666666666667,5915,0,5915,6000,81.2222222222222,1804.54594,FALSE
2023-02-12,41.0833333333333,5630,175,5455,6000,80,2271.17506,FALSE
2023-02-13,24.1333333333333,4990,120,4870,6000,66.4545454545455,2107.8643,FALSE
2023-02-14,26.1764705882353,6932,149,6783,6000,69.0434782608696,2002.95128,TRUE
2023-02-15,28.5555555555556,8966,62,8904,6000,68.16,2149.4832,TRUE
2023-02-16,29.8947368421053,7926,171,7755,6000,69.8,2158.46433,TRUE
2023-02-17,29.75,9778,502,9276,6000,71.12,2060.09012,TRUE
2023-02-18,28.7142857142857,11572,362,11210,6000,66.8260869565217,2259.3332,TRUE
2023-02-19,26.9333333333333,4881,143,4738,6000,61.8333333333333,1946.69045,FALSE
2023-02-20,36.375,4314,45,4269,6000,75.7142857142857,2077.4604,FALSE
2023-02-21,26.3888888888889,9967,3367,6600,6000,69.125,2181.4721,TRUE
2023-02-22,29.3333333333333,6851,107,6744,6000,74.5217391304348,1935.83048,TRUE
2023-02-23,38.8,12772,70,12702,6000,83.875,2472.57486,TRUE
2023-02-24,29.3529411764706,15899,2882,13017,6000,74.04,2259.5096,TRUE
2023-02-25,23.2,10046,63,9983,6000,72.7647058823529,2287.30044,TRUE
2023-02-26,32.75,5930,8,5922,6000,80.0625,1822.7339,FALSE
2023-02-27,23.4117647058824,9438,30,9408,6000,69.5833333333333,2290.38436,TRUE
2023-02-28,25.1111111111111,9928,54,9874,6000,73.125,2112.13674,TRUE
2023-03-01,31.5714285714286,9501,287,9214,6000,68.7272727272727,2098.8517,TRUE
2023-03-02,27.6,8615,117,8498,6000,75.7647058823529,2021.59017,TRUE
2023-03-03,31.7857142857143,9224,57,9167,6000,80.9285714285714,2243.88484,TRUE
2023-03-04,29.7142857142857,9196,111,9085,6000,69.64,2168.40245,TRUE
2023-03-05,34,7836,157,7679,6000,80.4,2073.78252,TRUE
2023-03-12,54.125,10393,3401,6992,6000,71.45,1718.145594,TRUE
2023-03-13,28.2631578947368,5690,97,5593,6000,72.2,2159.19697,FALSE
2023-03-14,25.6666666666667,8461,64,8397,6000,70.7272727272727,2022.55717,TRUE
2023-03-15,19.15,8256,477,7779,6000,67.84,2031.23123,TRUE
2023-03-16,35.2105263157895,8823,76,8747,6000,71.6666666666667,2048.96975,TRUE
2023-03-17,31.7368421052632,7222,45,7177,6000,69.36,2137.6231,TRUE
2023-03-18,34.3529411764706,5234,128,5106,6000,68.7826086956522,2059.1298,FALSE
2023-03-19,41.8666666666667,5736,58,5678,6000,72.4545454545455,2110.62443,FALSE
2023-03-20,18,8719,69,8650,6000,64.4444444444444,2113.0832,TRUE
2023-03-21,27.3125,4524,134,4390,6000,74.8181818181818,1843.29373,FALSE
2023-03-22,30.5294117647059,8582,83,8499,6000,70.4347826086957,2184.4405,TRUE
2023-03-23,25.375,8395,95,8300,6000,68.7142857142857,2229.9846,TRUE
2023-03-24,45.8181818181818,7405,14,7391,6000,86,2105.52354,TRUE
2023-03-26,34.6666666666667,8165,19,8146,6000,73.5,2031.47842,TRUE
2023-03-27,33.3333333333333,7570,31,7539,6000,63.25,2115.33056,TRUE
2023-03-28,28.8888888888889,5055,184,4871,6000,70.1666666666667,1874.00934,FALSE
2023-03-29,24.047619047619,10405,96,10309,6000,67.8,2196.1799,TRUE
2023-03-30,27.8666666666667,7857,80,7777,6000,67.6363636363636,1922.68417,TRUE
2023-03-31,33,10226,285,9941,6000,72.4545454545455,2262.82643,TRUE
2023-04-01,17.5,6216,60,6156,6000,65.6818181818182,1903.59232,TRUE
2023-04-02,41.9411764705882,5073,61,5012,6000,77.0434782608696,2060.91298,FALSE
2023-04-03,34.4375,8006,127,7879,6000,74.1304347826087,2246.1835,TRUE
2023-04-04,17.2941176470588,10197,43,10154,6000,69.8181818181818,2236.1383,TRUE
2023-04-05,29.8333333333333,8837,169,8668,6000,76.5416666666667,2191.0746,TRUE
2023-04-06,37.6153846153846,12600,288,12312,6000,82.4615384615385,2286.82754,TRUE
2023-04-07,28.1666666666667,7691,11,7680,6000,66.84,1932.15313,TRUE
2023-04-08,27.4545454545455,6712,78,6634,6000,65.1111111111111,1893.92886,TRUE
2023-04-09,22.6875,3619,43,3576,6000,64.5,1781.30271,FALSE
2023-04-10,16.4117647058824,1216,18,1198,6000,64.8333333333333,1724.74,FALSE
2023-04-11,24.4210526315789,5039,37,5002,6000,69.24,1812.13519,FALSE
2023-04-12,30.2777777777778,8261,448,7813,6000,72.625,2058.29372,TRUE
2023-04-13,29.5833333333333,9277,194,9083,6000,72.7058823529412,2085.001,TRUE
2023-04-14,22.1,8999,398,8601,6000,80.5,2081.0388,TRUE
2023-04-15,34.4615384615385,9160,45,9115,6000,75.8095238095238,2128.4947,TRUE
2023-04-16,30.4736842105263,8121,26,8095,6000,76,2262.2766,TRUE
2023-04-17,13.3333333333333,8205,150,8055,6000,68.5909090909091,2054.81204,TRUE
2023-04-18,20.8823529411765,5851,128,5723,6000,70,1868.57169,FALSE
2023-04-19,31.7222222222222,9652,80,9572,6000,71.2083333333333,2168.02654,TRUE
2023-04-20,35.4736842105263,10016,417,9599,6000,82.8695652173913,2206.50076,TRUE
2023-04-21,32,6759,132,6627,6000,73.304347826087,1911.63253,TRUE
2023-04-22,36.2142857142857,6494,32,6462,6000,69.1578947368421,1905.99614,TRUE
2023-04-23,40.0769230769231,6161,37,6124,6000,70.4210526315789,2091.9209,TRUE
2023-04-24,30.4375,5303,297,5006,6000,69.0909090909091,2026.71413,FALSE
2023-04-25,34.7333333333333,11199,129,11070,6000,76.2666666666667,2240.4169,TRUE
2023-04-26,34.5384615384615,9775,268,9507,6000,75,2095.6027,TRUE
2023-04-27,33.75,8383,75,8308,6000,77.1428571428571,2119.8104,TRUE
2023-04-28,32.5384615384615,11543,4451,7092,6000,74,2184.23615,TRUE
2023-04-29,31.8421052631579,4880,20,4860,6000,70.76,1801.23299,FALSE
2023-04-30,28.5,4274,69,4205,6000,73.5,2049.2198,FALSE
2023-05-01,35.2142857142857,4578,82,4496,6000,69,1963.0559,FALSE
2023-05-02,19.8571428571429,9759,116,9643,6000,72.9285714285714,2169.6296,TRUE
2023-05-03,28.5789473684211,9141,245,8896,6000,74.92,2137.50197,TRUE
2023-05-04,30.4444444444444,12273,132,12141,6000,82.2777777777778,2194.59703,TRUE
2023-05-05,28.9375,13323,115,13208,6000,76.2380952380952,2154.8122,TRUE
2023-05-06,23.7,9942,118,9824,6000,67.12,2015.9292,TRUE
2023-05-07,19.9333333333333,5454,44,5410,6000,63.9545454545455,2051.8169,FALSE
2023-05-08,31.2222222222222,4791,20,4771,6000,78.1,1808.4621,FALSE
2023-05-09,26.75,6876,3459,3417,6000,69.9130434782609,2078.63818,TRUE
2023-05-10,26.6666666666667,5086,113,4973,6000,67.1304347826087,2031.12468,FALSE
2023-05-11,30.875,4320,273,4047,6000,68.4782608695652,1921.41708,FALSE
2023-05-12,31.25,7857,26,7831,6000,68.0869565217391,2088.53297,TRUE
2023-05-13,35.1333333333333,11401,189,11212,6000,72.1428571428571,2261.6533,TRUE
2023-05-14,29,13516,68,13448,6000,78.3529411764706,2017.44348,TRUE
2023-05-15,39.1666666666667,10108,5089,5019,6000,79.1,2171.87234,TRUE
2023-05-16,46.5833333333333,19125,514,18611,6000,79.75,2673.2179,TRUE
2023-05-17,21.3888888888889,5880,156,5724,6000,68.125,2052.55435,FALSE
2023-05-18,36.1666666666667,11305,3869,7436,6000,96.5,2213.26415,TRUE
2023-05-19,23.625,5215,20,5195,6000,75.3478260869565,2056.66192,FALSE
2023-05-20,39.2142857142857,9740,4504,5236,6000,76.4782608695652,2145.20084,TRUE
2023-05-21,26.5833333333333,21671,7484,14187,6000,78.5384615384615,2662.1737,TRUE
2023-05-22,23.1111111111111,7344,57,7287,6000,66.875,1877.56167,TRUE
2023-05-23,25.1333333333333,8925,3782,5143,6000,69.0869565217391,2044.71745,TRUE
2023-05-24,22.3846153846154,12100,5505,6595,6000,69.7692307692308,2207.6737,TRUE
2023-05-25,18.7058823529412,6993,186,6807,6000,66.4,1963.5832,TRUE
2023-05-26,32.6875,10639,3729,6910,6000,66.4166666666667,2121.22287,TRUE
2023-05-27,39.9166666666667,12144,5517,6627,6000,72.9545454545455,2172.89287,TRUE
2023-05-28,27.8421052631579,17450,6034,11416,6000,70.4,2352.604,TRUE
2023-05-29,30.5714285714286,16073,38,16035,6000,84.6666666666667,2338.37506,TRUE
2023-05-30,21.05,15401,5618,9783,6000,72.125,2423.24415,TRUE
2023-05-31,14,14642,7225,7417,6000,64.8461538461538,2290.6661,TRUE
2023-06-01,25.25,5131,279,4852,6000,84,1992.63752,FALSE
2023-06-02,22.9090909090909,8832,3945,4887,6000,88.4545454545455,2060.34843,TRUE
2023-06-03,28.4666666666667,14667,5662,9005,6000,82.0454545454545,2403.43454,TRUE
2023-06-04,56.5,21044,8467,12577,6000,86,2548.5683,TRUE
2023-06-05,17.9444444444444,1804,14,1790,6000,71.5833333333333,1728.760205,FALSE
2023-06-06,20,11098,5199,5899,6000,67.7916666666667,2162.8776,TRUE
2023-06-07,19.7333333333333,13572,7732,5840,6000,65.695652173913,2399.18697,TRUE
2023-06-08,19.75,3929,73,3856,6000,66.3181818181818,2058.0588,FALSE
2023-06-09,29.2857142857143,8786,3819,4967,6000,78.7142857142857,2262.5687,TRUE
2023-06-11,18.7333333333333,20617,9555,11062,6000,63.2,2518.28355,TRUE
2023-06-12,17.9333333333333,1397,23,1374,6000,65.2272727272727,1719.175493,FALSE
2023-06-13,32.1176470588235,6320,495,5825,6000,72.92,2518.86136,TRUE
2023-06-14,20,21717,14835,6882,6000,63.8461538461538,2850.7964,TRUE
2023-06-15,21.4,10821,5307,5514,6000,68.6190476190476,2470.60654,TRUE
2023-06-16,22.625,6451,427,6024,6000,78.7777777777778,2492.5795,TRUE
2023-06-17,37.2142857142857,7825,449,7376,6000,75.55,2533.9137,TRUE
2023-06-18,20.8333333333333,18112,13324,4788,6000,67.2857142857143,2775.7315,TRUE
2023-06-19,23.5,2229,18,2211,6000,68.5416666666667,1738.4594,FALSE
2023-06-20,23.4210526315789,7791,498,7293,6000,70.0869565217391,2476.3307,TRUE
2023-06-21,32.1666666666667,8257,771,7486,6000,67.1666666666667,2591.7892,TRUE
2023-06-22,35.6666666666667,5405,43,5362,6000,66.15,2403.3815,FALSE
2023-06-23,36.5882352941176,5598,55,5543,6000,70.8636363636364,2059.69945,FALSE
2023-06-24,30.1666666666667,11834,75,11759,6000,72.4,2126.3331,TRUE
2023-07-08,42.6111111111111,3190,7,3183,6000,77.88,2105.17356,FALSE
2023-07-09,18.4444444444444,16656,11151,5505,6000,68.4583333333333,2926.0916,TRUE
2023-07-10,30.3529411764706,3584,146,3438,6000,71.5454545454545,1785.94518,FALSE
2023-07-11,25.0769230769231,8919,2986,5933,6000,67.25,2333.18,TRUE
2023-07-12,38,5350,179,5171,6000,79.5,2454.1872,FALSE
2023-07-13,33.3529411764706,7477,391,7086,6000,69.6,2539.3444,TRUE
2023-07-15,29.6666666666667,4922,61,4861,6000,70.6111111111111,1815.5964,FALSE
2023-07-16,35.7142857142857,8246,551,7695,6000,63.9523809523809,2245.6721,TRUE
2023-07-17,49.25,2897,6,2891,6000,89.75,1750.16489,FALSE
2023-07-18,25.8666666666667,5696,579,5117,6000,65.9047619047619,2176.64,FALSE
2023-07-20,22.6875,4654,44,4610,6000,70,2328.1649,FALSE
2023-07-21,29.3076923076923,6211,210,6001,6000,66.8888888888889,2745.1277,TRUE
2023-07-22,30.2222222222222,4770,472,4298,6000,69.5,2314.9106,FALSE
2023-07-23,49.625,20638,17264,3374,6000,74.6666666666667,3203.3529,TRUE
2023-07-24,21.6666666666667,1453,13,1440,6000,64.1666666666667,1713.579687,FALSE
2023-07-25,45.6666666666667,8471,604,7867,6000,71.9047619047619,2177.66036,TRUE
2023-07-27,20.5,8759,14,8745,6000,63.9473684210526,2234.8344,TRUE
2023-07-31,20,23341,19029,4312,6000,67.4,3017.1625,TRUE
2023-08-01,27.4705882352941,4601,22,4579,6000,69.3181818181818,2067.99162,FALSE
2023-08-02,41.8235294117647,6788,873,5915,6000,69.1304347826087,2318.10227,TRUE
2023-08-03,18.7692307692308,4530,25,4505,6000,67,2260.5496,FALSE
2023-08-04,18.7272727272727,4674,463,4211,6000,69.1666666666667,2229.6259,FALSE
2023-08-05,35,5087,378,4709,6000,76.12,2325.4619,FALSE
2023-08-06,9.1,25953,22100,3853,6000,60.1333333333333,3289.2472,TRUE
2023-08-07,12.8,698,10,688,6000,82.5,1700.893695,FALSE
2023-08-08,26.4736842105263,6418,70,6348,6000,62,2326.0218,TRUE
2023-08-09,26.7333333333333,2278,8,2270,6000,63.7619047619048,1741.991414,FALSE
2023-08-10,32.3076923076923,4215,500,3715,6000,65.9444444444444,2088.63638,FALSE
2023-08-11,21.6875,3007,26,2981,6000,67.8,2033.63728,FALSE
2023-08-12,43.5,7393,43,7350,6000,85.3529411764706,1933.8275,TRUE
2023-08-14,32.4615384615385,548,0,548,6000,68.8421052631579,1694.832297,FALSE
2023-08-15,22.1052631578947,6542,124,6418,6000,66.6,1837.59559,TRUE
2023-08-16,31.125,7177,76,7101,6000,74.0588235294118,1849.06132,TRUE
2023-08-17,31.1333333333333,18508,104,18404,6000,75.5454545454545,2211.26536,TRUE
2023-08-18,34.2,20024,125,19899,6000,74.6666666666667,2680.1393,TRUE
2023-08-19,27.9333333333333,14614,5383,9231,6000,77.4782608695652,2374.88316,TRUE
2023-08-20,24.9411764705882,18080,58,18022,6000,68.2173913043478,2452.14574,TRUE
2023-08-21,35.4210526315789,22277,28,22249,6000,74.0869565217391,2576.8142,TRUE
2023-08-22,30.5625,12440,23,12417,6000,70.2941176470588,2069.7278,TRUE
2023-08-23,21.375,14051,95,13956,6000,62.9130434782609,2067.5827,TRUE
2023-08-24,40.0555555555556,6651,97,6554,6000,74.4,1836.78878,TRUE
2023-08-25,33.1666666666667,22164,101,22063,6000,76.1666666666667,2546.0405,TRUE
2023-08-26,25.7647058823529,23100,149,22951,6000,74.65,2363.15797,TRUE
2023-08-27,29.5454545454545,8908,861,8047,6000,80.5454545454545,1938.7057,TRUE
2023-08-28,29.5,7395,202,7193,6000,72.3888888888889,2081.15518,TRUE
2023-08-29,29.3846153846154,4719,25,4694,6000,68.3684210526316,1791.03741,FALSE
2023-08-30,38.8,4174,136,4038,6000,73.55,2233.1409,FALSE
2023-08-31,27.8333333333333,18950,36,18914,6000,71.1304347826087,2404.4712,TRUE
2023-09-01,28.125,5009,133,4876,6000,77.5555555555556,2052.99293,FALSE
2023-09-02,36.4,4196,178,4018,6000,77.28,1985.7867,FALSE
2023-09-04,28.4,1729,7,1722,6000,64.2857142857143,1727.1855,FALSE
2023-09-05,20,1051,5,1046,6000,66.8333333333333,1710.794696,FALSE
2023-09-06,28.5,5736,392,5344,6000,69.92,2233.3604,FALSE
2023-09-07,21.5555555555556,11487,15,11472,6000,76.2631578947368,2246.71817,TRUE
2023-09-08,38.2777777777778,41065,105,40960,6000,78.5555555555556,3501.485,TRUE
2023-09-09,33.2777777777778,13707,63,13644,6000,78.8,2498.75074,TRUE
2023-09-10,31.5625,9651,108,9543,6000,63.2608695652174,2186.4985,TRUE
2023-09-11,50.9230769230769,1471,5,1466,6000,75.2352941176471,1723.126995,FALSE
2023-09-12,30.125,8741,346,8395,6000,83.875,2425.2083,TRUE
2023-09-13,33.95,9348,258,9090,6000,73.2,2194.11475,TRUE
2023-09-14,24.8333333333333,9858,124,9734,6000,70.84,2112.6148,TRUE
2023-09-15,36.0588235294118,9488,46,9442,6000,79.6470588235294,2198.48544,TRUE
2023-09-16,28.125,9244,47,9197,6000,68,2143.3793,TRUE
2023-09-17,35.3333333333333,4597,14,4583,6000,74.8888888888889,1810.54886,FALSE
2023-09-18,26.6666666666667,4604,31,4573,6000,72.2173913043478,1815.534,FALSE
2023-09-19,21.7222222222222,11923,204,11719,6000,72,2382.09125,TRUE
2023-09-20,33.2,7059,63,6996,6000,65.0588235294118,2177.7694,TRUE
2023-09-21,28.2222222222222,6715,213,6502,6000,74.75,2278.9569,TRUE
2023-09-22,30.8235294117647,5334,43,5291,6000,69.2727272727273,1834.4112,FALSE
2023-09-23,36.6,4333,63,4270,6000,74.0952380952381,1788.08172,FALSE
2023-09-24,37.0833333333333,6370,229,6141,6000,74.1666666666667,2243.58546,TRUE
2023-09-25,23.5333333333333,4894,182,4712,6000,67.3478260869565,2311.762,FALSE
2023-09-26,31.9375,8472,163,8309,6000,77.5882352941177,1971.602,TRUE
2023-09-27,23.2,7159,269,6890,6000,71.7391304347826,2161.5819,TRUE
2023-09-28,26.65,9962,414,9548,6000,70.6153846153846,2060.77453,TRUE
2023-09-29,30.875,9201,101,9100,6000,82.0625,2200.9035,TRUE
2023-09-30,29.3529411764706,11015,149,10866,6000,69.56,2244.3946,TRUE
2023-10-01,31.25,9026,142,8884,6000,72.6818181818182,2470.80116,TRUE
2023-10-28,19.9375,5543,114,5429,6000,71.2857142857143,2606.4637,FALSE
2023-10-29,26.5384615384615,6559,29,6530,6000,68.1363636363636,2187.3157,TRUE
2023-10-30,28.7058823529412,9174,72,9102,6000,69.5652173913043,2045.70784,TRUE
2023-11-05,16.6923076923077,7537,100,7437,6000,67.6666666666667,2450.4869,TRUE
2023-11-06,26.7894736842105,4388,115,4273,6000,74.72,2172.1572,FALSE
2023-11-07,23.9375,7378,208,7170,6000,67.5454545454545,1879.36795,TRUE
2023-11-08,20.7894736842105,6218,164,6054,6000,65.5,1787.10621,TRUE
2023-11-09,28.4666666666667,6474,88,6386,6000,69.6190476190476,1872.91856,TRUE
2023-11-10,29.0555555555556,8251,113,8138,6000,75.2727272727273,1879.98682,TRUE
2023-11-11,18.625,5814,59,5755,6000,76.125,1781.56421,FALSE
2023-11-12,33.0666666666667,2167,10,2157,6000,70.8,1731.39299,FALSE
2023-11-13,32.7058823529412,5235,59,5176,6000,75.0555555555556,1848.58138,FALSE
2023-11-14,19.8333333333333,7164,137,7027,6000,71.5,1900.0966,TRUE
2023-11-15,28.2777777777778,5277,31,5246,6000,75.8421052631579,1812.0521,FALSE
2023-11-16,23.4736842105263,7338,72,7266,6000,73.1304347826087,1862.62377,TRUE
2023-11-17,26.3,6353,25,6328,6000,70.9375,1836.33128,TRUE
2023-11-18,31.0833333333333,3115,19,3096,6000,84.6153846153846,1757.695084,FALSE
2023-11-19,20.0666666666667,10784,43,10741,6000,70.1904761904762,2104.44304,TRUE
2023-11-20,31.6,4266,30,4236,6000,71.8571428571429,1781.75227,FALSE
2023-11-21,8.4,5234,66,5168,6000,65.1818181818182,1840.91242,FALSE
2023-11-22,35.0526315789474,4263,107,4156,6000,70.8461538461538,1804.16137,FALSE
2023-11-24,26.6,6447,65,6382,6000,73.4166666666667,1840.60998,TRUE
2023-11-25,36.7,2347,16,2331,6000,71.875,1736.994484,FALSE
2023-11-26,24.2142857142857,7066,43,7023,6000,76.8636363636364,1894.76375,TRUE
2023-11-27,31.5,8274,112,8162,6000,75.2173913043478,2063.14814,TRUE
2023-11-28,25.1666666666667,7316,171,7145,6000,73.7727272727273,1912.2239,TRUE
2023-11-29,25,7117,158,6959,6000,73.56,1974.96986,TRUE
2023-11-30,27.1052631578947,5914,99,5815,6000,73.5416666666667,1857.53462,FALSE
2023-12-27,31.5454545454545,1073,27,1046,6000,75.3125,2056.71207,FALSE
2024-01-10,24.5714285714286,5006,1,5005,6000,68.4545454545455,1828.57232,FALSE
2024-01-12,17.75,1247,22,1225,6000,74,2089.45304,FALSE
2024-01-18,15,3153,26,3127,6000,67.5,1868.79313,FALSE
2024-01-19,26.1666666666667,4337,48,4289,6000,73.375,2076.87964,FALSE
2024-02-04,16.4166666666667,14041,38,14003,6000,66.6666666666667,2725.1517,TRUE
2024-02-17,34.8181818181818,16470,192,16278,6000,73.1875,2009.3828,TRUE
2024-02-22,20.3333333333333,5350,107,5243,6000,80.3333333333333,2072.28507,FALSE
2024-02-28,29.8823529411765,6340,108,6232,6000,82.7619047619048,2364.60074,TRUE
2024-03-11,25.6666666666667,5425,67,5358,6000,61.2,2203.58407,FALSE
2024-03-13,23,8451,281,8170,6000,72.4545454545455,2267.36906,TRUE
2024-03-16,20.5882352941176,10079,144,9935,6000,73.36,2061.5744,TRUE
2024-03-21,33.4666666666667,6092,50,6042,6000,77.5263157894737,1992.70286,TRUE
2024-03-26,24.5263157894737,4293,45,4248,6000,72.5833333333333,2049.22523,FALSE
2024-03-30,14.0666666666667,7904,50,7854,6000,70.75,2128.498,TRUE
2024-04-05,19.5384615384615,6587,33,6554,6000,72.9444444444444,2100.98824,TRUE
2024-04-21,22.7058823529412,4836,58,4778,6000,74.5,2110.8517,FALSE
2024-05-08,18.3846153846154,11350,15,11335,6000,79.0714285714286,2302.504,TRUE
2024-05-18,22.1538461538462,8209,7,8202,6000,71.3529411764706,2096.4106,TRUE
2024-05-20,14.5,3223,14,3209,6000,77,1946.10345,FALSE
2024-05-24,19.7777777777778,9072,948,8124,6000,68.7058823529412,1941.5987,TRUE
2024-05-29,21.5,7025,3,7022,6000,63.4615384615385,2266.9935,TRUE
2024-05-30,16.5833333333333,12541,22,12519,6000,68.3888888888889,2173.48196,TRUE
2024-06-07,14.6875,9092,55,9037,6000,65.6363636363636,2955.6681,TRUE
2024-06-22,21,5377,121,5256,6000,59,1902.30747,FALSE
2024-06-23,6,1336,5,1331,6000,59.7777777777778,1883.3644,FALSE
2024-07-12,23.2,3151,0,3151,6000,75.6,2297.67183,FALSE
2024-07-30,36.25,2807,0,2807,6000,95.6666666666667,1772.54973,FALSE
2024-08-06,21.8333333333333,7479,3479,4000,6000,77.625,1958.05832,TRUE
2024-08-10,35.9285714285714,5944,69,5875,6000,86.2142857142857,1743.974796,FALSE
2024-08-11,31.1666666666667,27799,92,27707,6000,89,2110.62723,TRUE
2024-08-27,21.125,5528,50,5478,6000,82.25,1726.4885,FALSE
2024-08-28,6.5,5778,23,5755,6000,60,2928.3834,FALSE
2024-09-15,27.8571428571429,10826,35,10791,6000,86.1428571428571,1899.13758,TRUE
2024-09-16,36.5,4477,18,4459,6000,88.25,2100.01428,FALSE
2024-09-23,18.3888888888889,8304,37,8267,6000,70.9523809523809,2194.6839,TRUE
2024-10-01,28.3846153846154,5970,48,5922,6000,78.2307692307692,2534.9878,FALSE
2024-10-02,18.0588235294118,7238,22,7216,6000,72.5,1907.88055,TRUE
2024-10-03,25,15300,91,15209,6000,73.0476190476191,2140.9844,TRUE
2024-10-04,18.4285714285714,12503,72,12431,6000,70.5555555555556,2454.531,TRUE
